SRF034.B,SRF035.B,SRF036.B,SRF037.B,SRF038.B,SRF039.B,SRF061.B,SRF062.B,SRF063.B,SRF064.B,SRF019.B,SRF020.B,SRF021.B,SRF022.B,SRF023.B,SRF024.B,SRF025.B,SRF026.B,SRF027.B,SRF028.B,SRF029.B,SRF030.B,SRF031.B,SRF032.B,SRF033.B,SRF072.B,SRF073.B,SRF065.B,SRF066.B,SRF067.B,SRF068.B,SRF069.B,SRF070.B,SRF071.B,SRF001.B,SRF002.B,SRF003.B,SRF004.B,SRF005.B,SRF006.B,SRF007.B,SRF008.B,SRF009.B,SRF010.B,SRF011.B,SRF012.B,SRF013.B,SRF014.B,SRF015.B,SRF016.B,SRF017.B,SRF018.B,L9,L10,L7,L4
5,5,5,5,4,4,4,1,5,5,5,5,2,6,3,4,5,4,4,3,5,3,4,3,4,45,3,3,6,6,6,5,2,6,5,5,3,4,5,2,4,5,2,4,5,4,5,4,4,4,5,2,-0.06935262800820069,-0.0806926455553288,-0.03760156949880779,-0.03850401451991309
7,7,7,7,7,7,6,1,1,3,3,7,2,7,2,7,7,6,6,1,4,2,4,2,4,50,3,6,5,1,5,6,7,1,6,6,2,6,6,4,6,6,6,1,6,NA,1,5,6,6,6,1,0.05209673866271586,-0.0069752985619238135,0.05166367290594537,-0.02920729415913868
5,4,7,4,5,4,5,7,5,7,5,5,4,4,3,5,5,3,3,3,5,3,5,5,3,50,4,4,7,5,4,5,3,3,6,4,4,6,5,5,3,2,3,4,5,4,3,3,4,4,4,4,-0.1816914780765433,-0.023408365236724103,-0.1002662145559848,-0.03643408158585072
5,5,5,5,5,5,6,5,1,3,5,5,2,2,3,6,4,1,3,2,4,3,3,3,3,50,3,4,5,5,4,5,5,5,NA,NA,NA,NA,NA,NA,NA,NA,3,2,3,4,3,4,4,5,5,3,-0.2985127892765746,-0.08317046038823404,-0.12429612546843553,-0.11678255822798292
5,5,7,4,5,5,5,7,6,7,5,5,3,4,4,5,5,2,4,3,5,3,5,3,3,69,4,7,7,7,7,7,7,1,1,4,3,3,4,4,4,4,5,5,5,5,5,5,3,6,6,6,-0.16406899037844994,-0.04168926551200698,-0.07449718835391606,-0.04367978360851364
7,7,7,NA,NA,NA,7,1,1,7,7,7,7,7,7,7,7,7,7,7,7,7,7,7,7,100,7,1,NA,1,1,1,1,1,6,6,6,1,1,1,6,1,1,6,1,6,5,6,1,1,6,6,0.43479945206533577,0.17336042013395367,0.21751706429107026,0.17246377250990796
7,7,7,7,7,7,1,7,1,7,2,2,1,1,1,7,1,1,1,2,7,5,7,4,5,30,2,1,7,7,7,7,7,1,2,4,1,3,6,6,4,6,2,2,6,1,1,4,5,6,6,1,-0.37952727244977913,-0.11103820017060526,-0.20412430623349548,-0.07788044573934358
7,7,7,7,7,7,7,1,1,4,7,4,7,7,4,7,7,6,7,5,7,7,7,1,6,60,7,2,1,1,1,1,7,7,6,5,6,6,4,1,6,2,4,6,5,4,5,5,4,1,6,1,0.30052003590348575,0.00666376241669369,0.3059043077190386,0.040564286554646514
6,5,7,4,6,6,7,1,2,4,6,6,5,6,7,6,6,1,6,4,6,6,7,7,5,50,5,5,7,4,5,4,3,4,6,5,4,4,5,5,6,1,1,4,5,6,6,5,1,1,4,3,-0.009701257184963027,0.03191166984646703,0.006953723142461211,0.01857805335927378
7,7,7,7,7,7,7,7,1,7,7,1,4,4,6,4,4,2,7,7,4,7,4,5,6,85,4,1,7,7,7,7,7,1,6,6,1,1,6,6,1,6,6,1,6,6,6,6,6,1,6,1,-0.14135231603147386,-0.03427353544327415,-0.21234389543535254,0.02113253088127732
7,7,6,6,7,5,4,3,2,6,4,6,6,7,5,7,6,4,5,7,7,6,6,7,5,NA,5,1,3,1,1,1,7,2,6,6,5,6,4,3,5,1,1,3,4,5,6,4,2,3,3,2,0.22258308158703607,0.08207303079187919,0.1550031357277418,0.05872614713060571
7,6,6,6,6,7,7,4,2,7,5,5,5,6,3,5,5,5,6,4,6,4,5,3,5,NA,4,2,2,6,3,3,5,6,2,4,3,5,4,2,4,3,2,4,4,5,4,5,1,5,2,3,0.050527459075457436,-0.018132085731106855,0.05303324225522412,-0.004322819213238589
7,7,7,7,7,7,7,4,4,7,5,5,4,4,4,5,4,3,4,2,4,4,4,4,4,30,4,4,7,6,6,4,4,4,6,4,3,5,6,4,4,4,4,3,5,4,4,4,4,5,5,3,-0.13058153307450998,-0.004580841409257583,-0.050105470294510776,-0.020733265266103175
7,7,7,7,7,7,3,2,3,5,5,4,3,4,2,7,5,3,4,4,5,1,1,1,3,30,3,7,7,7,6,4,7,6,6,4,4,6,6,6,4,1,6,3,5,3,2,6,6,6,6,4,-0.24014965505436708,-0.0643459322167815,-0.05511820976884896,-0.07704405359325353
5,4,7,4,6,6,7,6,2,4,1,4,6,6,4,3,5,3,3,1,3,1,1,2,5,75,3,7,6,6,7,6,6,6,3,4,1,4,2,5,5,4,4,4,5,4,4,2,3,4,4,5,-0.1597106405311123,-0.08077884209259248,-0.10310603805145879,-0.040138362738070386
7,7,7,7,7,7,5,1,1,7,5,1,1,1,1,1,3,1,1,1,7,1,5,1,1,NA,4,7,6,7,7,7,2,4,1,1,1,5,4,4,1,6,3,5,6,6,1,1,4,6,5,5,-0.5090814463161034,-0.16260024603467133,-0.3277458180205015,-0.09935482806092191
7,5,7,7,6,6,NA,5,7,4,3,2,1,2,3,3,3,4,4,3,6,3,4,4,3,50,2,5,5,5,4,4,1,7,6,6,2,3,3,4,3,4,4,3,4,3,6,3,5,5,4,1,-0.3156512015981564,-0.1231325987003219,-0.22589457427435686,-0.0610283689750577
7,7,7,7,7,7,7,1,1,7,5,7,7,4,7,7,7,6,4,6,6,5,6,6,6,100,7,1,7,4,3,1,7,1,5,1,1,6,1,1,6,3,3,4,1,6,6,5,1,1,6,3,0.19008542368463985,0.08649211269306584,0.03663925377883363,0.07267008310313579
1,4,7,1,7,7,1,4,6,7,1,1,4,1,1,1,1,1,1,1,4,1,1,1,4,5,1,7,7,7,7,1,1,7,1,1,1,1,6,6,2,6,6,1,6,6,1,1,5,5,1,1,-0.6711857366692633,-0.23830559008213376,-0.47309376554008986,-0.20398430441917084
7,7,7,7,7,7,7,2,1,7,7,7,7,7,5,7,7,2,6,6,7,7,7,6,7,90,4,5,7,5,1,6,7,2,6,6,3,5,6,3,6,1,1,6,5,6,6,6,1,6,6,2,0.25889720233035995,0.09056418720802573,0.24867894373898486,0.11217672695564458
7,7,7,7,7,7,1,1,1,4,7,7,5,7,7,7,7,6,7,7,7,7,7,7,7,98,4,1,6,1,1,1,6,1,4,6,5,6,1,1,6,1,1,6,4,6,6,6,1,6,6,6,0.4196913345450575,0.15054106802498085,0.2737840173470298,0.17237139637807386
7,7,7,6,5,6,7,1,1,7,6,5,5,5,5,6,6,5,7,2,5,2,4,2,7,77,5,1,4,2,3,2,7,1,3,3,3,5,1,3,5,1,1,5,6,2,6,6,1,2,4,4,0.056367024454994474,-0.005584770699544869,0.12052573615614634,0.019084420680025492
6,7,7,7,7,7,2,1,2,7,6,7,4,6,2,7,6,4,5,3,7,4,7,7,2,80,6,1,3,2,5,4,6,2,5,5,4,6,5,3,5,2,1,4,5,6,5,5,1,5,4,4,0.1392283428980147,0.10286694537307284,0.04338613345273577,0.059653405265401825
7,7,7,7,7,7,1,7,1,7,7,7,7,7,7,7,7,1,1,7,7,7,7,1,7,40,4,1,1,1,1,7,1,1,6,6,3,3,6,5,6,1,1,6,6,6,6,6,1,1,5,6,0.05447962522770026,0.030489418383265954,0.1584778745100091,0.06269782791486114
7,6,7,7,7,7,4,4,4,4,7,5,3,5,6,5,7,6,7,2,6,2,5,6,4,50,4,1,7,7,7,2,7,1,6,4,3,6,6,1,6,5,1,6,3,5,6,6,1,6,4,6,0.060035076377408,0.07800638958186296,0.030128699243057045,0.08228519999451166
7,7,7,7,7,7,7,7,3,7,7,7,3,4,3,7,3,3,3,2,7,7,7,3,6,60,4,7,6,7,7,3,3,3,6,6,5,6,5,5,5,3,6,5,6,6,3,6,3,2,6,4,0.07064701221958829,0.044612000512057166,0.21125541239847173,0.037114193281702075
6,6,5,6,6,6,4,4,4,4,6,2,5,2,2,5,2,1,1,6,6,2,5,6,3,30,3,7,4,7,7,7,7,1,4,6,3,2,6,4,5,2,6,6,6,4,6,6,4,1,5,1,-0.33212413123209494,-0.08944587808457585,-0.10608052624506001,-0.04007165729996889
4,4,4,4,4,3,5,3,3,5,5,6,4,1,6,4,4,4,5,4,6,4,4,4,2,50,5,3,5,5,1,3,3,5,4,2,4,4,4,5,3,3,4,1,1,4,4,3,4,4,4,4,-0.2577446167342764,-0.07101177909756493,-0.21176248094861955,-0.14313807629364278
7,7,7,7,7,7,7,5,1,7,7,7,7,7,7,7,4,4,7,7,7,7,7,3,7,85,5,6,5,5,6,1,7,7,1,3,3,3,6,1,6,5,1,6,6,6,6,6,1,6,6,4,0.26954584082595845,0.0314419138860841,0.2238434263903014,0.044889577233109476
5,4,6,5,6,5,5,5,4,6,6,7,6,7,6,7,7,7,7,5,7,6,5,5,4,50,6,2,6,2,4,2,6,6,4,5,4,6,3,4,6,5,4,5,4,5,4,5,2,4,5,5,0.17964122474703942,0.05283171824170705,0.12912285973339768,0.028988813236947193
6,6,6,6,6,7,7,4,1,6,5,7,7,7,7,6,6,5,6,7,7,7,7,7,6,100,6,1,7,1,1,2,7,4,6,6,5,5,1,1,5,1,1,3,3,6,4,4,1,4,3,3,0.3559547124528676,0.13460691860552537,0.1739530884075331,0.10118920423056374
7,6,4,6,7,7,4,4,4,4,6,4,6,7,7,7,7,5,7,7,7,7,7,3,4,99,7,1,7,1,1,1,7,1,4,6,5,6,1,1,6,4,1,6,1,1,6,6,3,1,6,6,0.2880215174837385,0.07291322581292255,0.15150332590651344,0.10765347007185914
6,4,5,4,4,4,2,5,1,4,4,7,4,4,3,5,4,4,6,4,4,1,1,1,6,60,4,5,5,5,5,5,1,1,5,6,5,5,4,3,6,6,3,4,4,6,2,6,4,6,1,6,-0.07174993742958932,-0.035802377645557944,0.0761734282144783,-0.02995778269527946
3,4,5,4,4,4,7,5,3,4,4,5,5,3,4,5,5,4,7,5,5,6,5,5,4,54,4,3,7,4,5,4,5,1,5,4,4,2,1,3,3,3,4,5,6,5,3,4,3,4,5,4,-0.05634151962373803,-0.009022564763415569,-0.05157208220706955,-0.017503295257348287
7,5,7,5,1,7,7,1,1,7,7,7,1,7,6,7,7,1,7,4,7,1,7,1,1,50,4,7,1,1,1,1,5,7,5,1,1,6,5,6,6,1,6,6,6,6,3,6,1,6,6,6,-0.2062688502275162,-0.05332638837880242,-0.16994431777424648,-0.04333792006739807
6,4,7,6,6,6,1,7,1,4,1,4,4,1,5,4,7,1,4,6,4,5,3,3,4,50,4,5,3,6,5,1,4,1,5,1,2,6,5,5,2,3,4,3,5,1,5,4,4,5,6,6,-0.33190116462328356,-0.059635552660492905,-0.2761562613915531,-0.05586596349947263
6,6,6,7,6,6,5,5,2,6,5,5,4,5,4,5,3,6,5,5,5,3,4,3,3,75,4,4,5,4,5,3,3,6,3,4,3,3,4,4,2,3,4,5,6,3,3,4,3,2,3,2,-0.0224573305012949,-0.05419137890427929,-0.014390358565600734,-0.03161641372944837
7,7,7,6,7,6,1,1,6,2,2,2,2,2,1,2,1,1,1,2,4,2,4,2,2,30,2,7,6,7,6,2,1,7,4,2,1,5,6,5,2,5,5,1,5,3,1,4,1,6,5,1,-0.5082445395001132,-0.20408698304465092,-0.3605739246235714,-0.15509465812344397
7,7,7,6,7,6,5,7,3,7,5,6,6,5,7,6,6,3,5,4,6,6,5,5,6,65,7,4,5,6,6,4,3,4,5,4,5,3,4,1,4,2,4,6,4,5,1,5,3,2,2,5,0.12289410956254135,0.060047921001354254,0.1320787245579595,0.06148502722297985
7,7,7,7,7,7,7,1,1,7,7,7,7,7,7,7,7,7,7,7,7,7,7,7,7,90,7,1,7,1,1,1,7,1,6,6,5,6,5,1,6,1,1,6,5,6,6,6,1,5,5,5,0.46040786762650765,0.1820503116303424,0.30541961201816975,0.18147568194513305
4,5,6,6,6,6,4,5,5,6,5,6,5,6,1,5,3,5,5,3,4,3,3,6,4,35,4,6,6,7,5,4,3,3,3,3,2,3,5,3,4,3,4,4,5,4,2,4,3,4,3,2,-0.08750437963551631,-0.023367294179599398,-0.1166468605177567,-0.018132745324583744
7,7,1,7,7,7,1,1,1,1,5,7,7,5,6,7,7,6,7,7,7,7,7,7,1,60,7,1,7,1,7,1,1,1,6,6,5,5,6,1,6,1,1,5,1,6,4,6,4,5,5,6,0.21165506528788652,0.11509938214324529,0.034326413764626106,0.0974507705325456
5,6,6,6,6,6,5,5,7,5,5,4,3,3,3,3,2,2,3,3,5,3,3,5,3,60,3,6,5,5,5,5,3,5,1,1,1,4,5,4,4,4,3,3,5,5,3,4,4,4,5,4,-0.3057119954120665,-0.09171698620087801,-0.2696462474933725,-0.07552154862715202
7,3,4,3,4,4,1,1,1,1,5,5,4,5,4,4,3,3,3,3,5,3,3,3,3,60,4,6,5,6,5,1,5,6,4,2,1,5,3,4,2,5,4,1,2,3,3,3,4,4,4,1,-0.22845544015345753,-0.14308655452955038,-0.2726944481380221,-0.12790775080283995
4,4,4,4,4,4,4,4,4,4,4,7,7,4,4,5,7,3,4,3,6,3,4,3,4,90,6,4,4,4,4,4,4,4,6,3,3,5,5,4,5,3,6,4,4,2,5,5,4,3,6,3,-0.07828915137104539,-0.04395818709059979,-0.025179086320935108,-0.060117906714476775
7,7,7,7,7,7,7,7,6,7,1,7,1,7,7,7,7,2,1,1,7,1,1,7,7,80,4,7,7,7,7,6,7,1,1,6,6,1,2,5,6,1,1,1,1,6,3,6,6,1,6,1,0.01008579762714602,0.042560706665632844,0.11928782401455806,-0.04184184441384593
6,5,6,7,6,5,7,6,1,7,7,5,4,6,5,7,5,5,2,3,7,4,5,3,5,63,3,5,7,5,4,2,7,1,2,3,2,3,6,4,4,6,5,1,6,3,4,5,1,2,5,1,-0.04420964699997894,-0.054724576514337556,-0.10911800600282265,-0.07052513332659856
6,6,6,5,5,5,5,7,3,6,5,6,4,6,6,6,6,4,5,5,5,5,6,5,4,60,4,2,4,3,3,3,5,5,6,6,5,5,4,2,5,1,2,4,4,4,5,4,2,2,5,4,0.10127446985906219,0.03938166916303565,0.09296889379111714,0.026800732863816068
5,5,6,5,6,6,5,4,4,4,6,7,6,5,6,7,6,5,5,5,6,4,5,5,5,90,5,4,4,4,4,4,4,4,5,2,4,4,3,4,4,3,3,5,4,4,4,4,3,3,5,4,0.07174676039581519,0.036336145895178806,0.03792468084324323,0.0059418834059492154
5,7,7,7,7,7,7,5,7,1,7,7,7,7,7,7,7,7,5,7,7,7,7,7,5,60,5,7,7,7,7,7,7,5,6,6,4,6,6,5,5,6,1,6,6,6,5,6,6,6,6,1,0.23183619218039428,0.05938130246826177,0.25772259025646305,0.06669193120961502
7,7,7,6,7,6,4,7,1,7,6,7,7,6,5,7,6,6,6,6,7,6,6,5,5,65,4,2,6,2,5,2,6,6,5,5,5,5,5,3,6,1,2,2,1,5,5,4,1,6,4,5,0.1917452480062946,0.08362337478790785,0.10788653691718275,0.03152607233309784
7,6,7,4,4,4,4,6,3,7,6,6,6,4,5,6,6,2,2,4,5,2,3,6,2,30,5,6,5,6,5,5,4,5,3,4,3,5,5,4,6,2,4,3,1,4,5,5,2,5,3,4,-0.2471900921507451,-0.05217028724865362,-0.1374349430347603,-0.0698155822659201
7,1,7,7,7,6,7,7,1,5,7,4,1,7,2,3,4,4,1,4,6,1,5,4,7,50,4,4,7,7,5,3,7,3,6,5,1,4,2,4,6,1,1,4,2,4,6,3,6,3,4,6,-0.08521334068569536,0.004263032275264427,-0.10392917433874224,0.026127594758180044
1,2,6,2,2,6,5,1,1,2,6,6,6,6,4,3,4,4,5,1,2,6,6,2,1,2,4,2,1,1,1,5,6,1,1,1,1,4,4,1,4,6,2,4,1,2,3,6,4,5,6,6,-0.10507319252183105,-0.052966627392113066,-0.2610753580779509,-0.06548191874812188
5,6,5,7,5,7,2,1,7,5,7,5,7,7,3,4,7,7,4,4,4,7,5,4,4,23,2,6,7,7,5,6,7,5,6,6,2,6,5,4,6,4,5,6,6,6,4,6,4,6,2,4,0.08111769989450549,0.008882417330340961,0.02915886135334058,0.08528866973826157
7,4,4,4,4,4,4,4,4,7,5,6,4,5,5,6,7,7,5,1,7,6,7,7,4,75,3,7,7,5,7,7,3,7,6,6,1,3,1,4,4,6,4,2,4,5,6,6,4,1,1,3,-0.007726778717974026,-0.012192147993374048,-0.19667729704029557,0.030530592634967567
5,6,4,5,6,6,4,5,5,6,7,7,4,4,4,7,6,5,6,4,7,4,6,4,6,50,4,6,7,4,5,5,4,3,6,5,5,3,4,3,3,5,2,5,5,5,3,6,4,3,4,3,0.02906961280971332,0.02455267998650669,0.13217986847830362,0.007037133284148423
5,4,5,4,4,4,7,7,6,7,6,5,2,2,1,6,6,3,2,1,6,2,2,5,6,20,2,6,6,6,7,7,6,7,6,3,2,6,5,4,4,4,5,4,5,2,1,4,4,6,6,6,-0.29726806013796725,-0.04770010896598047,-0.10536704161819399,-0.041295630051808405
1,1,1,1,1,1,7,7,1,7,5,7,7,7,7,7,7,7,3,7,7,3,7,7,7,75,2,7,7,7,7,7,1,7,6,6,1,6,6,6,6,6,1,4,1,6,6,6,1,6,6,6,-0.009380717800023638,-0.020545796771888974,-0.0895832120387194,0.05593859539911633
1,1,1,1,1,1,1,4,4,4,4,4,1,1,1,1,1,1,1,1,1,4,4,4,4,100,4,5,4,4,5,1,1,1,6,6,3,4,1,4,6,1,4,2,6,6,4,6,1,1,6,6,-0.31706665655557886,-0.10518810351919765,-0.3157484574086546,-0.05313378312606355
5,6,5,4,5,5,6,3,4,5,7,7,4,7,5,7,6,4,4,7,7,5,6,3,4,80,5,1,1,5,5,4,5,5,4,6,4,6,4,1,6,1,3,4,4,4,5,6,3,6,4,4,0.19887641814913123,0.021698228991189734,0.17207782155071885,0.015158538798509322
7,7,7,7,7,7,7,2,1,7,7,7,7,7,7,7,7,7,6,7,7,6,7,7,7,89,7,6,6,7,7,2,7,7,6,6,6,6,5,6,6,1,6,6,5,6,6,6,1,1,1,6,0.34194336414642096,0.15029015928127226,0.30196402100339864,0.14137702357309767
7,7,7,7,7,7,4,4,7,7,6,6,4,7,5,7,7,4,6,5,7,2,5,2,7,97,5,1,4,2,5,1,6,1,5,4,5,6,4,4,5,1,1,6,6,5,1,6,2,1,6,6,0.1540357781750044,0.0687769929749752,0.23308626003574912,0.0655491677688269
7,7,7,7,7,7,7,1,5,4,6,7,7,7,6,6,7,5,7,7,7,7,7,7,7,100,7,1,4,1,1,4,7,1,3,6,5,5,6,2,5,4,4,6,4,6,4,5,2,2,5,6,0.3911420978342072,0.14950109478654214,0.3106019075007621,0.14130715146600342
3,3,4,3,4,4,3,5,1,2,4,3,3,2,3,3,2,3,3,2,4,3,5,5,3,50,3,5,6,7,6,2,1,6,5,4,2,1,4,4,4,3,3,4,4,4,4,4,3,4,3,3,-0.3414865554273726,-0.12856518195302682,-0.3054820044283078,-0.07683259575692626
6,6,6,6,6,6,4,4,3,6,6,6,4,6,3,5,4,4,6,4,6,5,6,5,4,20,5,4,4,7,7,3,4,3,2,4,4,4,6,4,4,4,4,5,6,3,4,5,4,6,5,4,-0.018106884224911378,0.0021814345353825437,0.035618335199452913,-0.006368156390234079
7,7,7,3,7,7,7,1,1,7,7,7,6,7,7,7,7,6,5,6,6,6,6,6,6,80,7,7,7,1,7,7,7,1,5,5,3,6,4,2,6,2,3,5,6,6,6,6,4,4,6,5,0.29917121123025514,0.12182083368440207,0.15206891734845435,0.13681589409740003
7,7,7,7,7,7,NA,NA,NA,NA,4,3,2,1,6,3,4,1,4,2,6,3,1,4,1,25,4,5,3,7,6,4,1,2,2,2,5,2,5,4,5,2,1,2,1,6,5,6,1,5,3,4,-0.4095811821367009,-0.08459497044060835,-0.30854267401007307,-0.12110721804204305
7,7,7,7,7,7,7,1,1,7,6,6,6,5,6,5,5,5,5,5,6,6,6,6,6,70,4,1,6,5,5,5,4,1,5,6,2,4,2,3,5,2,1,4,2,4,5,6,2,3,5,3,0.14221117188476814,0.06747396694471164,0.07738509672557745,0.0874270538839587
5,6,6,5,6,6,7,3,5,7,5,5,5,7,6,6,6,4,5,5,5,1,5,5,5,60,2,3,6,5,6,4,3,3,4,5,1,1,4,5,3,4,4,1,4,3,3,6,4,3,4,1,-0.14015095303376754,-0.045386786159627115,-0.16949125852747335,-0.0406734596404832
4,6,6,2,4,6,5,4,7,7,4,5,3,4,1,5,4,4,4,3,4,1,1,1,3,65,4,3,4,5,4,4,5,4,1,1,1,4,5,5,2,5,6,2,4,2,3,4,4,3,5,1,-0.2784103688899886,-0.13686766604302653,-0.1969916306737589,-0.14052709056308854
6,6,6,5,6,5,1,6,1,5,6,6,6,7,6,7,5,2,5,5,7,3,5,6,6,85,5,1,2,5,1,2,5,1,4,4,3,3,2,4,2,1,5,3,5,2,5,4,2,6,4,6,0.01466258742189249,0.04114222015873179,-0.04261425315163807,0.03381414750779131
7,7,7,7,7,7,7,2,1,7,6,3,5,3,5,5,6,1,5,6,6,5,5,2,2,70,4,7,7,7,6,6,2,6,3,2,4,4,6,2,5,2,5,5,6,3,3,4,5,5,4,1,-0.1392659781677959,-0.08833815236167916,-0.09518317955930782,-0.06200505762975404
3,2,3,4,5,6,4,1,4,6,1,7,3,5,1,4,5,1,6,5,6,2,5,1,4,50,4,6,1,6,6,6,1,3,2,4,6,1,4,1,1,6,4,2,6,3,2,3,6,6,4,5,-0.11771157971932031,-0.03355245274838662,-0.09862489344698805,-0.11062683637162792
6,5,7,6,5,6,6,5,2,6,5,6,3,6,3,6,7,2,5,6,7,3,3,5,3,75,5,2,6,5,3,2,6,3,4,5,3,5,5,3,5,2,2,5,5,5,6,4,5,2,5,5,0.00638553098973243,0.029484618342853618,0.010486436684548866,0.018233821873354962
3,5,7,6,2,6,7,6,7,6,4,7,7,7,4,4,6,7,3,6,6,7,4,1,1,NA,NA,6,6,6,6,1,1,1,6,6,3,1,1,6,3,6,1,6,1,1,6,6,4,1,6,6,0.08480191820539021,0.014514657818449652,-0.08193015039433936,0.04514239769213961
7,7,7,7,7,7,4,4,1,4,7,7,7,7,7,7,7,5,6,7,7,7,7,7,7,100,5,5,4,1,1,1,6,1,5,6,3,5,1,1,6,1,1,5,2,6,6,6,1,1,4,2,0.3324774769737281,0.09453097745931288,0.20101747799798417,0.1321124519828457
4,4,4,4,4,4,1,1,1,1,1,7,7,7,7,7,7,7,7,7,7,7,7,7,4,80,5,4,4,4,4,5,4,7,2,1,4,6,1,6,5,1,1,4,2,4,5,4,1,2,5,3,0.13388078608841222,-0.010702351274593175,-0.02606329752288227,-0.014576057015084052
4,3,4,3,1,1,3,4,3,4,1,4,3,4,3,4,3,4,4,3,4,3,4,1,4,75,2,3,4,4,3,3,3,4,3,1,1,2,6,6,4,4,4,2,4,2,2,3,4,4,1,1,-0.32046950814729913,-0.21207654392064584,-0.3062381640289758,-0.16561501817602658
7,7,7,7,7,7,7,1,1,7,7,7,7,7,7,7,7,7,7,7,7,7,7,7,7,100,7,1,1,1,1,1,7,1,6,6,6,4,1,1,6,1,1,6,1,6,6,6,1,1,6,6,0.485440971874158,0.2019708683638764,0.29902229042404305,0.1835020507207464
5,5,4,5,5,4,4,4,3,4,4,5,5,5,5,5,5,5,4,4,5,5,5,5,5,50,4,4,4,4,4,4,4,4,3,4,4,4,3,4,4,4,4,3,4,3,4,4,4,3,4,4,-0.036926037558653244,-0.032969414417879095,-0.04419491222560131,-0.026621848013831478
6,7,7,6,7,5,1,1,1,6,6,7,7,6,6,7,7,4,6,6,7,4,6,5,4,90,6,3,4,3,3,1,7,1,4,6,5,5,4,1,5,1,3,6,4,6,3,6,1,3,4,6,0.2422404227502018,0.09008080303092438,0.2123376501299737,0.07992017367364111
7,7,7,7,7,7,6,2,3,7,4,7,4,4,6,7,7,6,4,6,7,6,6,5,6,30,4,1,1,1,1,1,7,1,6,4,6,6,1,2,6,1,1,4,1,6,6,6,3,4,6,6,0.1800088579451899,0.1324700235247577,0.18924040768527856,0.06293700365774124
7,6,7,7,7,6,5,5,2,5,7,7,6,7,7,7,7,6,7,6,7,6,6,7,6,85,7,3,4,4,4,5,6,2,2,4,6,5,6,1,6,1,1,6,3,6,5,6,1,1,5,6,0.3476856206303831,0.12766927525217353,0.23658742968128332,0.10242054468659105
7,7,7,7,7,7,7,7,1,7,7,7,7,7,6,7,7,7,7,7,7,7,7,6,5,80,6,1,7,5,5,5,5,1,6,6,4,1,5,2,6,1,2,5,1,6,5,5,1,1,5,6,0.32708657942379854,0.1543446260851407,0.12062576192176314,0.1318910633778871
4,5,6,5,6,6,5,6,1,6,4,5,6,6,5,6,5,6,7,6,5,5,6,5,4,90,6,3,6,3,4,3,5,6,4,3,4,5,4,3,5,2,2,4,3,4,4,5,1,5,4,3,0.11795909716149974,0.01805819094035547,-0.015295227974912385,0.01874787765008392
1,1,7,1,1,1,1,1,1,7,1,7,1,7,1,7,7,7,7,1,7,7,7,1,1,50,7,1,1,1,7,1,1,1,1,1,5,1,1,6,6,1,6,1,6,6,6,1,1,1,6,1,-0.04124316396960785,-0.11154616558423074,-0.2537109721695451,-0.1722940919079459
1,3,1,2,1,2,1,1,1,1,1,3,2,1,1,2,1,3,1,2,3,1,2,1,1,90,4,1,1,1,1,1,1,1,1,1,1,2,1,1,2,1,1,3,2,1,1,1,1,2,1,2,-0.3802602372098639,-0.22707977575419389,-0.40283250832393713,-0.16746060802046583
7,5,7,4,7,5,7,5,5,5,5,7,5,1,3,3,7,7,7,5,5,4,5,5,7,30,4,7,5,5,5,7,7,3,6,1,1,4,6,4,4,3,4,4,6,4,4,6,4,6,6,3,-0.1278164774223643,-0.010790039805910177,-0.017346301671825277,-0.041384264410082985
7,7,7,7,7,7,7,5,5,7,7,7,7,7,1,7,7,7,7,4,7,3,7,7,7,100,6,7,1,5,7,7,7,1,6,6,6,6,4,6,6,1,1,6,6,6,6,6,1,3,6,6,0.26828961136382073,0.15677375210328087,0.2694243150961312,0.14100305498060908
3,4,4,4,3,5,5,3,3,5,5,7,5,7,4,3,7,5,5,4,5,5,5,3,5,73,5,5,4,3,5,3,7,3,5,6,4,6,5,3,6,3,3,4,5,4,4,5,4,4,6,5,0.15044837617140874,0.027324888672789045,0.09477584606643039,0.03431181446365279
7,4,7,7,7,7,7,1,1,7,5,7,7,7,4,7,7,7,7,7,7,7,7,7,4,100,6,1,7,1,1,1,7,1,4,4,4,6,3,3,4,3,1,4,4,4,4,4,3,4,4,4,0.33998019936443064,0.1425743321333192,0.07773979277502577,0.0941468742770867
7,7,7,5,7,7,7,4,4,7,7,7,4,7,4,7,7,4,7,7,7,4,7,7,7,50,4,4,4,1,4,1,7,1,6,6,6,6,6,6,6,1,1,6,6,6,6,6,1,1,6,6,0.1721854897904051,0.1447551910875698,0.27979343904579346,0.10850586398714908
7,7,7,7,7,7,7,7,5,7,7,7,7,7,7,7,7,7,7,7,7,7,7,7,7,98,7,3,7,7,7,1,7,1,6,6,3,6,5,1,6,4,1,6,3,4,4,6,1,1,4,4,0.3884665989857671,0.14704359479266402,0.24856899288147144,0.17459554201339694
4,5,5,6,5,5,4,3,3,5,1,5,6,4,4,7,5,5,3,3,6,3,4,2,4,65,2,3,6,4,4,4,6,3,6,4,4,5,6,4,5,3,4,4,6,5,3,4,5,5,6,1,-0.058744087887152976,-0.05553204490439908,0.021912333538252744,-0.05741815964813394
7,7,7,7,7,7,6,4,1,7,6,3,4,4,3,4,2,4,2,2,5,7,5,6,1,60,4,1,7,5,1,1,2,7,2,3,3,5,5,1,3,1,5,3,5,4,3,6,5,6,2,1,-0.02554432906091992,-0.0334716436405791,-0.1665366404560638,-0.014323594507135362
7,7,7,7,7,7,7,4,1,7,7,7,7,7,7,7,7,7,7,7,7,6,7,7,7,30,6,1,6,1,1,1,7,4,6,6,6,5,1,1,6,1,1,6,1,6,6,6,1,1,5,6,0.35042534628978583,0.16892199301055047,0.3104505015278293,0.139963895591613
6,4,5,4,4,5,NA,NA,NA,NA,5,6,4,4,5,5,5,5,3,2,5,4,4,5,4,68,4,5,5,4,4,4,4,3,4,4,4,4,2,2,5,2,2,4,3,5,3,6,5,4,4,3,-0.022589755935928418,-0.00876690344680637,-0.0714306918850837,-0.005658496650832902
6,6,6,5,6,5,7,6,3,5,5,6,5,5,3,6,6,2,3,3,5,3,3,5,5,70,4,3,7,7,7,3,3,3,2,2,3,2,6,5,3,3,3,4,4,4,4,4,3,3,4,3,-0.1128632597179436,-0.0356270565747308,-0.030820714162844765,-0.06332007498398559
7,7,7,7,7,7,6,3,4,7,4,5,6,1,1,4,5,7,6,7,5,7,3,1,6,40,4,7,2,7,6,3,1,3,5,1,2,5,6,4,2,6,6,5,6,5,1,4,3,6,2,1,-0.09740064761992416,-0.0713649801740831,-0.021535375854133905,-0.02437667513703481
7,5,7,7,5,6,2,5,6,6,5,7,6,7,6,5,5,7,6,4,6,7,6,5,5,75,5,4,5,4,5,5,6,5,2,3,5,4,3,1,2,4,4,2,5,4,2,4,3,1,4,6,0.2255272461819343,0.0700037034240423,-0.015071400347968052,0.03288670286774399
6,7,7,6,7,4,7,6,1,7,6,6,5,5,5,7,5,2,4,5,7,6,6,7,3,60,5,6,6,3,5,3,1,5,5,4,4,3,3,3,4,2,1,5,3,5,4,5,1,1,3,5,0.007543984465877747,0.03373905945211503,-0.01589103830686572,0.023822229839726226
1,1,1,1,1,1,6,5,5,7,7,7,5,5,7,7,7,1,6,4,4,5,7,6,6,48,5,6,5,5,5,2,5,3,5,6,5,4,5,1,4,1,1,6,1,6,6,6,1,1,6,6,-0.014069715275795674,0.0041527563181334385,0.06329883390846366,0.008452589312111755
2,3,6,6,5,7,1,3,1,1,7,7,5,5,7,7,7,4,5,7,7,6,6,6,7,90,6,3,1,4,2,5,6,7,6,5,4,6,5,5,4,6,1,3,5,6,5,6,4,6,6,4,0.09624032050623942,0.04155694317048149,0.05609097885616863,0.029981096434443327
6,7,7,7,7,7,1,7,1,7,6,7,3,4,5,7,6,5,1,4,7,7,6,6,4,25,3,6,6,7,4,4,1,7,5,5,1,2,3,2,6,1,6,5,6,6,5,6,1,3,6,1,-0.023140608829542754,-0.01515337293121748,-0.03574923105207317,0.025098250288803203
4,5,5,3,3,4,1,2,3,7,4,4,7,7,6,5,7,4,3,7,7,4,5,2,4,60,3,7,3,6,6,5,4,7,4,3,2,6,6,2,3,4,1,6,5,3,3,6,4,5,6,6,-0.03878042679125733,-0.07479366926424949,-0.11224890142242179,0.03292802589239827
6,6,6,7,6,5,6,5,4,6,6,5,4,5,2,5,5,4,5,5,6,4,5,5,4,60,4,6,6,7,7,7,7,5,6,5,4,6,6,6,4,5,5,5,6,5,4,5,5,5,6,4,-0.03545631221421374,0.005931494017876511,0.06071255644749244,0.008721159339504205
7,7,7,7,5,6,7,4,3,4,7,7,4,6,4,7,5,4,5,7,7,3,7,5,6,65,5,3,1,3,5,1,7,7,5,1,2,3,3,4,3,2,2,5,6,5,6,6,1,4,6,1,0.013816550246712706,-0.01659588596924853,0.07489675112227372,-0.032439287992555244
5,5,5,4,4,4,4,3,3,5,NA,NA,4,4,3,4,4,4,5,4,4,4,4,3,3,NA,NA,4,4,4,4,3,3,3,5,4,3,4,4,4,4,4,4,4,5,4,3,4,3,4,4,2,-0.0969741512099539,-0.07290355601481677,-0.09029948834934139,-0.04668985988895579
5,5,5,5,4,4,6,1,1,6,7,7,5,6,1,7,7,7,7,7,7,7,4,6,7,100,6,1,6,1,1,1,7,6,1,5,6,4,1,6,5,1,6,6,6,1,1,6,6,6,6,6,0.3010212405683601,0.0691085701735812,0.27945484904972073,0.05784639468941153
6,6,6,6,5,6,6,2,1,6,6,6,6,6,5,6,6,6,6,6,6,6,5,4,3,87,7,1,1,1,1,1,4,4,6,6,6,5,1,1,6,1,1,6,2,6,5,6,1,2,6,3,0.28032915734293923,0.06694959222310994,0.18091533326481063,0.06800493668704587
5,7,4,4,5,4,3,5,1,7,NA,NA,4,3,2,5,3,1,3,4,4,1,2,3,6,50,2,1,2,2,2,2,6,2,6,4,1,3,5,5,3,5,1,1,6,3,5,6,1,1,4,1,-0.3502412960805608,-0.1209585875619191,-0.18610768431522565,-0.08862654165610531
7,7,7,7,7,7,2,5,1,1,7,7,5,5,6,7,5,3,4,7,7,6,7,4,4,50,4,4,7,6,7,4,7,4,4,6,5,6,4,2,6,1,1,6,2,6,5,6,3,4,6,6,0.14196936106748273,0.05314838458847412,0.23634853054417512,0.03742843859185087
6,4,5,4,4,5,7,1,2,4,4,5,4,4,5,6,5,4,4,3,7,4,5,4,4,77,4,4,5,7,7,4,4,5,4,3,4,5,5,3,4,2,1,4,6,4,4,6,1,2,4,3,-0.035767641167473045,-0.038518430760252145,-0.05003330818896341,-0.036747284517813374
7,7,7,7,7,7,7,4,4,7,7,7,7,7,6,7,7,7,6,5,7,6,7,7,7,89,6,1,7,4,4,1,4,4,6,6,5,5,6,1,6,1,1,6,6,6,5,6,1,4,6,6,0.3913684016037543,0.16432691510639658,0.26279020046252743,0.1687547031134456
4,4,5,5,5,5,1,2,2,5,7,7,6,7,7,7,7,7,7,5,5,5,5,5,5,44,5,3,4,4,4,2,6,3,3,5,5,6,3,3,6,3,3,5,3,4,4,4,3,4,4,4,0.18170774692121033,0.03840107290918266,0.14215892064136507,0.03230383958453702
7,6,7,6,6,5,7,1,2,5,2,2,1,1,5,1,7,4,4,3,3,1,7,2,1,22,2,1,1,2,5,1,1,7,5,6,3,6,6,3,1,1,5,4,6,4,3,6,6,5,4,5,-0.31939266350454,-0.1095827856319267,-0.13914893738536552,-0.07051367397579997
5,4,6,5,6,6,5,4,2,6,6,7,7,6,5,7,7,7,7,5,6,5,6,5,4,95,7,2,5,2,2,2,6,3,5,5,6,5,3,2,5,5,3,5,4,5,5,4,4,6,6,3,0.27882809473789744,0.08850733997039842,0.1663047735802529,0.04369451498336172
7,4,7,6,7,6,7,7,7,7,4,4,4,1,1,4,6,6,6,6,5,1,1,1,1,75,4,4,7,1,7,4,7,4,6,4,6,6,1,6,1,3,4,5,6,1,1,6,6,6,6,1,-0.1845075735133017,-0.05720231446470451,0.03371819340126937,-0.11974965078258955
5,5,4,5,4,5,7,5,2,7,6,5,4,4,2,5,5,2,5,4,5,3,3,3,4,59,4,4,5,5,5,4,2,6,4,4,5,4,5,3,4,2,1,4,5,4,4,5,3,1,4,3,-0.12532998433462408,-0.055855135770190745,-0.022489188807954325,-0.06137824006115681
7,7,7,7,4,7,7,3,3,5,7,7,7,7,7,4,7,5,7,7,7,4,7,7,4,70,4,3,7,3,3,1,7,7,4,6,6,1,1,1,6,1,1,4,1,6,4,6,1,1,6,6,0.21713882005622276,0.11056945890635261,0.1007249775369059,0.06100895307710752
7,3,7,6,7,7,7,2,5,1,7,7,6,1,3,2,7,1,6,7,3,7,7,1,7,80,4,1,6,7,7,5,7,7,6,4,1,6,1,6,6,3,6,1,1,6,6,6,6,3,6,6,-0.1311041939540412,-0.025058943527077836,0.0032084556476868393,-0.08294035231108463
6,6,6,7,7,7,4,4,4,6,4,6,4,5,4,6,5,4,4,4,6,4,5,4,5,40,5,6,5,5,4,4,5,6,6,4,6,4,5,4,5,4,4,6,3,6,4,6,3,5,3,4,0.023541072698355314,0.03590075036930569,0.13667305030282922,0.008225718849129841
7,7,7,7,7,7,7,6,1,7,7,7,7,7,2,7,7,6,2,4,7,7,7,6,5,64,4,1,7,1,1,1,7,1,6,6,5,3,6,1,2,1,1,2,2,3,1,3,1,1,2,2,0.3006109130611176,0.1248273918037269,0.12982645906126497,0.06347752236368377
6,6,6,6,6,6,6,7,2,6,6,6,6,6,6,6,6,6,5,5,5,6,6,6,6,70,4,2,4,4,3,3,5,5,5,5,4,5,4,3,5,2,1,5,5,5,5,5,1,3,5,3,0.18239615529487924,0.054218806295110465,0.1458410118930255,0.0652257772951724
5,5,6,6,7,6,4,4,4,5,5,7,5,6,4,7,7,6,7,7,7,3,5,4,4,41,7,5,7,5,6,6,4,4,1,2,6,3,2,4,6,1,1,1,3,6,6,5,1,1,4,3,-0.004656633805810687,-0.001168742122343339,-0.02970366959586799,-0.10158911285004472
6,5,7,4,4,4,7,7,1,7,7,7,1,6,7,6,7,2,1,2,7,2,6,7,6,50,4,6,7,5,6,4,5,1,5,1,3,4,1,4,2,2,2,5,1,6,6,4,1,3,3,4,-0.0857680320130085,0.022850314201866444,-0.04134817962756311,-9.807478409370111e-4
7,7,7,7,7,7,7,6,7,6,7,7,7,7,7,7,7,6,6,7,7,7,7,7,7,50,4,6,7,6,6,1,7,1,6,5,5,5,5,5,6,5,5,5,5,5,6,6,5,5,5,6,0.22036777001033267,0.1434414692212619,0.187980949041769,0.11856377712061897
6,5,5,5,6,6,5,5,3,6,3,6,6,6,2,3,4,3,5,2,2,2,4,2,4,75,4,4,5,2,4,2,5,4,2,5,5,3,5,4,2,3,3,5,5,4,3,6,2,3,2,5,0.001137640485177577,-0.011480047675420218,0.0963456969385455,-0.03879821639783778
4,6,4,7,5,4,5,1,1,NA,7,7,6,5,6,7,7,NA,7,7,7,6,7,4,7,99,7,7,6,4,4,4,7,1,6,6,6,1,4,2,3,1,1,6,5,5,4,6,1,1,NA,6,0.3081253711545476,0.08889145191745121,0.2287938070720133,0.09123498453839654
3,3,3,4,4,4,4,4,4,4,3,4,4,4,4,4,4,3,3,3,4,5,5,5,5,25,2,4,4,5,5,5,3,5,4,4,3,3,4,4,4,4,4,3,4,4,4,4,4,4,4,3,-0.22005204237606213,-0.08610896130898668,-0.1760847029788717,-0.06265721533303513
7,7,7,7,7,7,5,1,7,2,4,4,5,5,5,5,5,4,3,1,5,5,5,4,5,40,3,1,7,6,4,1,6,2,3,2,1,4,5,6,4,4,4,2,4,4,4,5,4,6,6,1,-0.15613542099246835,-0.06958230495174363,-0.11966338996722961,-0.06383776966072265
5,4,5,5,4,6,4,4,4,4,4,4,4,3,2,4,4,3,3,3,3,5,4,3,4,60,4,4,6,3,3,4,4,4,1,4,1,5,2,6,3,4,2,2,4,4,3,2,3,5,3,3,-0.2656284579526982,-0.12046555148634548,-0.21529173796113138,-0.08025525108249494
6,5,4,5,6,5,1,1,1,1,6,6,7,4,6,4,5,5,5,7,6,7,5,6,6,75,6,1,2,1,1,1,1,1,4,5,4,5,5,1,4,1,2,5,3,6,5,6,4,1,4,3,0.14693025721384642,0.014565943000808467,0.09094434563926598,0.05389120268008781
6,4,5,5,3,4,5,7,5,7,6,7,5,2,3,5,1,4,2,3,7,3,5,3,6,30,7,5,7,5,1,6,2,6,1,2,4,4,1,5,2,3,3,4,4,NA,3,4,1,1,5,3,-0.24346393097625696,-0.10237272065614962,-0.0036196002487376743,-0.12533226824445037
5,5,5,5,5,5,5,4,3,5,4,5,4,5,4,4,5,4,4,4,5,4,5,4,5,25,2,5,3,5,4,4,4,4,4,4,3,3,4,4,4,4,4,4,4,4,3,4,4,4,4,4,-0.12336825150329593,-0.044380921031551016,-0.0659160494965095,-0.02977146228489248
6,7,7,6,5,6,5,7,1,5,4,5,1,1,1,4,5,4,2,1,3,3,4,4,2,10,2,4,4,4,4,4,4,5,4,1,1,3,4,6,4,2,4,3,4,4,4,4,2,3,4,1,-0.39447918524121367,-0.11583666214056987,-0.23613399452806316,-0.13366677063803364
7,7,2,4,5,6,1,4,1,7,2,7,7,1,4,7,7,7,7,1,6,1,1,1,7,1,3,7,7,4,1,7,7,4,6,1,6,5,1,6,6,1,6,1,6,6,6,6,1,6,6,6,-0.22346777831475095,-0.012581984436575929,-0.015365243428409666,-0.09829931702708813
5,7,6,7,7,6,4,7,3,7,7,6,4,4,5,7,6,6,4,6,7,5,5,6,5,50,6,7,4,6,6,2,4,3,6,4,3,4,2,4,3,1,4,5,5,6,3,5,3,2,4,3,0.0017962993547813195,0.02905909864236831,0.015056729440889486,0.04383830713706828
6,6,4,6,7,6,4,4,5,5,5,6,6,5,4,6,3,2,3,1,7,6,5,6,4,75,3,4,5,6,4,4,3,4,5,3,4,4,4,5,5,4,2,5,5,5,5,5,1,5,5,4,-0.009076916835087202,0.029150045004101198,-0.002622556005119435,0.01063162045675654
4,5,5,5,6,6,5,4,4,5,4,5,4,5,3,5,5,5,4,4,5,4,5,4,4,75,4,2,5,4,4,5,5,3,5,4,3,4,4,4,4,4,3,4,4,4,4,4,3,3,4,4,-0.0041042934602483466,0.004832141812188137,-0.04646293531189041,0.0037726361148358407
6,6,6,6,6,6,4,4,5,5,4,6,6,6,6,6,6,6,6,6,5,4,4,4,4,75,6,4,4,4,3,4,3,4,6,5,5,3,1,4,4,2,4,5,3,4,5,5,3,2,5,3,0.09062580251757432,0.022837496347421674,0.06943335261745633,0.01918160899827354
7,7,7,7,7,7,4,4,4,4,7,7,7,7,7,7,7,4,7,1,7,4,7,7,7,100,7,1,5,1,4,1,7,1,6,6,4,6,1,5,5,5,1,6,1,6,6,6,1,6,6,5,0.22886371145670564,0.1229495019982707,0.25671952120949376,0.12286998657286752
4,4,4,4,4,4,6,6,1,6,5,6,7,7,6,7,7,4,5,4,7,6,6,5,3,78,4,1,7,5,3,5,3,6,5,5,5,5,4,4,5,2,1,4,2,4,4,4,1,4,5,4,0.1095593184971421,0.019525514347253404,0.0192689624134309,0.004099132698469768
6,5,6,6,6,5,4,4,4,5,5,6,5,6,6,6,6,5,4,2,5,5,5,4,5,50,4,5,5,3,4,2,5,3,5,3,2,4,2,3,3,2,2,2,3,4,4,4,2,5,5,3,-0.012439747683406058,-0.016577322078156057,-0.10236429502808864,-0.021900566269052325
2,4,5,3,2,3,7,7,3,6,2,2,2,2,3,2,2,2,3,1,2,1,1,1,2,40,3,6,5,6,4,5,3,5,2,2,2,4,4,5,3,5,5,3,4,1,1,2,3,4,3,4,-0.49377174608491076,-0.20293536512709584,-0.3424565132851131,-0.15710796029421326
7,7,6,6,6,6,7,2,2,7,6,6,5,4,3,6,7,4,7,7,7,7,7,3,7,35,3,5,5,3,6,6,2,6,1,6,3,6,3,3,5,4,3,5,6,6,5,6,3,5,3,4,0.04633634176459765,-0.033989082054246486,0.19275748677621002,0.020800139923026414
5,4,3,3,4,5,5,6,5,3,5,1,1,1,3,1,1,5,1,1,5,3,5,1,1,45,1,6,7,7,7,7,1,6,3,2,1,3,6,5,1,6,1,1,6,1,2,1,6,1,3,1,-0.49610734543690904,-0.2289199241558501,-0.4791319844847287,-0.17121396302093703
7,5,7,7,7,6,NA,NA,NA,NA,5,6,1,5,1,6,5,1,3,3,7,3,5,6,5,70,4,6,7,7,7,6,5,6,5,6,3,3,6,4,4,4,4,3,6,4,4,3,6,3,4,3,-0.07650305667127139,0.00912461052005265,-0.005118831363138329,-0.01600946268397744
5,5,4,4,3,5,3,5,3,2,3,5,5,5,6,6,5,3,2,5,4,5,2,3,5,60,2,3,6,7,5,3,2,7,4,6,2,4,6,3,5,4,4,2,5,4,2,4,3,6,4,1,-0.11885637764159232,-0.11889933917690425,-0.08376515455374944,-0.05843131720163911
5,4,4,4,5,4,6,3,1,7,5,4,4,5,6,6,4,4,3,2,5,3,4,2,4,50,4,4,3,6,5,4,4,4,2,4,2,4,3,4,2,3,4,4,3,3,2,3,4,2,5,5,-0.13837811724679458,-0.08355563067645826,-0.11099407937979884,-0.04748442527550503
5,4,7,4,6,4,6,5,7,5,4,3,2,3,4,4,3,1,4,1,4,4,7,4,4,35,4,6,5,7,4,6,7,4,4,1,1,3,6,5,3,5,5,4,6,4,1,6,6,6,6,1,-0.35821598892099343,-0.13397958880767014,-0.21941301880320654,-0.12131393245852665
5,6,6,6,6,6,6,1,5,7,6,5,6,5,5,6,5,5,6,6,7,4,5,5,3,80,5,1,5,1,1,1,7,1,4,4,1,4,5,3,3,1,3,4,5,4,4,5,2,2,4,2,0.011616514730350079,0.002787999855622586,-0.07096962574967076,0.01301323246069062
4,3,7,6,6,4,7,5,5,7,2,4,3,5,4,5,6,7,6,4,5,2,1,3,2,NA,2,3,5,4,5,4,5,3,3,4,1,2,2,4,3,4,4,2,5,4,4,6,5,6,3,4,-0.14801868123634052,-0.06575354614644542,-0.2580922397793754,-0.07270233908296009
5,4,6,5,6,6,7,5,2,6,5,6,2,5,3,5,4,4,3,3,6,3,3,3,3,10,2,5,6,7,7,2,3,6,3,2,1,5,6,5,4,4,5,4,4,4,3,4,3,3,5,5,-0.2108248838198618,-0.05674278548442514,-0.14827587466345393,-0.07089930877794623
7,6,6,7,7,7,4,2,1,5,5,7,6,NA,4,7,7,4,5,5,5,6,5,5,6,68,5,1,6,4,5,1,1,2,6,6,NA,4,5,3,5,5,4,4,NA,4,4,5,2,2,4,3,0.1884050709599393,0.06962232419998159,0.11875515848857791,0.0707800607053592
4,5,3,5,5,5,4,5,5,3,4,5,3,3,4,5,3,5,4,5,4,3,4,4,4,50,4,5,4,6,5,3,5,5,4,4,3,4,3,4,4,4,3,3,3,4,3,4,3,3,4,3,-0.1702886662340924,-0.06992201999702231,-0.08759366295890485,-0.0695534840682892
6,6,6,6,7,6,7,5,3,6,5,5,5,5,5,5,3,3,5,6,6,5,5,6,5,75,4,3,5,5,6,3,2,6,4,4,3,5,4,3,4,3,3,3,4,4,4,4,3,4,3,3,-0.003625003995320551,0.0017652470683990299,-0.032670715842529355,0.008844501931088749
7,4,7,4,4,4,7,4,5,7,5,7,NA,4,5,7,5,4,5,3,NA,6,6,4,4,60,4,5,6,7,6,4,6,5,2,3,4,3,2,1,5,1,1,4,2,6,5,5,1,4,5,6,0.03619599271756334,0.008066649969317104,-0.0064223111212603715,-0.03430583217311905
6,6,6,6,6,6,7,3,2,6,5,5,5,3,5,6,5,1,5,3,5,5,5,5,5,80,4,5,6,5,5,4,5,2,5,3,4,3,4,2,5,2,3,3,4,5,4,6,3,1,2,2,-0.06175847666711527,-6.89718685509973e-4,-0.05659607958157527,-0.024128677864032763
6,7,7,4,4,4,7,7,5,7,7,7,7,7,7,7,7,3,7,7,7,7,7,7,1,80,3,1,7,1,2,5,7,1,4,6,3,5,1,6,6,5,4,6,5,6,4,6,1,1,6,3,0.10797746445264315,0.047372898661785554,0.10207133432222226,0.03440708864352089
5,5,5,5,5,5,5,6,1,7,6,6,6,5,5,6,5,5,5,6,6,5,6,5,5,90,5,2,5,2,3,3,5,3,4,5,5,4,2,2,4,1,1,6,4,5,4,5,1,2,5,5,0.16685211161675137,0.05542465743331463,0.12767038888227508,0.05771807639305308
6,6,7,4,6,4,4,4,1,7,6,4,4,1,4,6,6,2,4,6,4,5,4,4,4,50,4,4,4,4,4,4,6,4,NA,3,5,5,2,2,NA,NA,2,NA,NA,NA,2,5,NA,NA,2,NA,-0.15480967465137802,-0.05183064271108874,-0.04036430195683713,-0.07462106120049872
4,1,5,5,5,5,6,2,3,4,2,1,1,2,3,2,1,1,2,2,5,4,4,4,4,NA,4,2,6,4,7,4,3,2,4,2,3,2,1,3,5,1,2,3,1,1,2,4,2,3,4,3,-0.3783996095017108,-0.11296041791430848,-0.3655278536824125,-0.09791102379306199
7,6,7,6,7,6,7,5,1,7,6,7,2,1,5,6,7,2,7,6,6,7,7,6,5,80,6,6,5,5,5,1,3,3,2,4,3,4,4,2,6,1,2,6,5,6,6,6,2,3,4,5,0.012042853099980115,0.03322668313234232,0.08680076416867831,0.02635996462713494
5,6,7,5,4,6,4,5,1,5,4,5,4,6,7,7,7,6,3,3,4,3,5,3,3,65,6,1,1,6,6,1,7,1,5,6,6,6,5,3,3,1,3,4,5,4,3,6,5,5,6,6,0.10245238884201051,0.048991025685883385,0.06617303503203278,0.035879539809775575
6,7,7,7,7,6,6,1,6,7,4,1,2,2,4,4,4,4,3,3,4,4,2,1,6,35,4,1,6,2,4,3,5,4,6,6,5,4,5,4,3,4,3,4,4,3,3,3,4,3,3,2,-0.16917138383924696,-0.08018307882279745,0.04203884645152724,-0.03366664971682352
7,6,7,6,5,4,7,5,7,5,6,6,4,4,3,7,5,2,3,4,6,7,6,5,5,62,4,3,5,5,5,4,6,4,4,5,5,5,6,3,3,1,2,6,6,4,2,6,2,4,5,6,0.052558373788241686,0.027473487076998353,0.1719303721622592,0.01705900778058099
4,4,4,4,4,4,1,7,7,7,6,6,7,5,5,7,7,3,6,6,7,5,5,4,5,50,5,7,7,1,7,1,7,1,6,4,5,6,1,4,4,1,1,6,1,6,5,6,1,1,6,6,-0.038464910082739126,0.01929905057311925,0.039247530586465976,0.024080781863255844
7,7,7,7,6,3,6,2,2,5,7,3,2,3,7,3,3,3,5,6,7,7,5,3,5,88,5,1,1,7,2,1,3,6,6,2,2,5,4,3,2,1,1,2,5,6,5,3,1,5,5,1,-0.07814692913331595,-0.0988415324977868,-0.11264228654452582,-0.053256122634737876
5,5,5,5,5,5,3,3,3,3,5,5,6,6,6,6,6,6,6,6,6,6,6,6,6,80,6,4,4,4,4,5,5,5,6,6,5,4,1,4,6,4,5,4,4,5,4,6,6,6,6,6,0.14283785765217658,0.05113247800493448,0.03819468286672694,0.07736500527662035
5,6,5,6,6,7,6,3,3,4,5,7,6,7,5,7,7,6,7,5,7,5,4,4,5,60,4,4,5,2,5,4,3,5,5,6,3,4,3,3,4,4,3,4,5,6,6,5,3,3,4,2,0.14965273272513918,0.017559526817680613,0.10732662373368596,0.029781370843257132
6,6,6,7,5,5,6,5,2,7,5,6,3,2,3,3,5,1,1,1,6,2,4,2,3,70,4,3,5,5,5,3,4,2,4,3,5,4,5,4,2,2,2,3,5,3,2,5,4,4,3,4,-0.19637214431332992,-0.03860801085747614,-0.03332914289825557,-0.10428281162076727
7,7,7,7,7,7,4,6,4,6,7,7,6,7,7,7,7,6,7,7,7,7,7,7,7,89,6,2,6,2,3,1,6,1,4,6,6,5,1,2,6,2,2,6,2,6,6,6,1,1,5,6,0.3777362598105501,0.15944401614700238,0.28732881993154186,0.1526180224300527
7,7,7,6,6,5,7,2,1,7,2,4,5,2,1,4,4,3,1,3,4,3,5,2,1,33,1,7,5,6,7,7,1,3,2,1,1,3,5,6,2,5,4,2,6,2,2,3,4,6,5,3,-0.39013524850014536,-0.1358978932895873,-0.3284471479311307,-0.1353930044157824
4,6,4,5,5,6,5,5,2,6,5,6,6,6,5,3,2,3,2,3,5,6,3,3,5,20,3,4,6,4,5,4,6,5,5,4,2,6,4,5,4,3,2,2,5,2,2,2,2,5,5,3,-0.08274482510709805,-0.0332911902565994,-0.03831469278586425,-0.0349897206224261
7,7,7,4,6,6,5,7,7,4,4,5,4,3,1,6,4,2,3,3,4,2,4,1,3,40,4,7,6,7,7,4,5,1,1,4,1,3,6,6,1,3,5,1,6,4,3,4,4,6,3,4,-0.3721735930111361,-0.12570893741586953,-0.1921669394211281,-0.13730781665675668
7,7,7,7,7,7,7,7,7,7,7,7,7,7,7,7,7,7,7,7,7,7,7,7,7,50,7,7,7,7,7,7,7,7,6,6,6,6,4,4,6,6,6,6,6,6,6,6,6,6,6,6,0.2874702665757325,0.1398597486019652,0.2917371330950211,0.1285233282483793
7,7,7,7,7,7,7,1,1,7,7,7,4,7,7,7,7,5,6,4,7,7,7,7,4,60,6,1,7,1,6,1,7,1,6,6,5,6,4,1,6,1,1,6,2,6,6,6,1,3,6,6,0.3511552000368595,0.17581196373827274,0.2199562397222171,0.14646111919788857
4,4,5,5,5,4,5,5,2,5,5,7,7,7,4,4,4,4,4,5,5,5,3,4,4,70,5,5,4,4,4,5,5,5,6,3,3,4,3,3,3,1,4,2,4,3,3,3,4,4,4,3,0.04863002964781466,-0.003694980030591226,-0.07665335993058695,-0.03825493948123548
7,4,4,4,4,5,7,4,5,7,7,7,7,7,7,7,4,4,4,5,7,2,4,5,4,70,4,1,4,1,4,2,7,1,5,3,2,4,1,3,4,2,1,6,1,6,3,1,1,4,4,6,0.04427483066374806,0.05631729420536609,-0.00410065106520435,0.03518761247980616
7,7,6,7,7,7,7,7,1,7,6,7,5,4,7,7,6,4,4,4,7,2,4,3,6,65,4,1,6,1,1,1,7,1,6,4,5,6,1,5,3,2,6,5,1,1,1,3,2,2,6,5,0.0437422722613311,0.07372807483182005,0.22245034008941503,0.011210975038089956
4,4,4,4,4,4,4,4,4,4,3,4,3,3,1,3,4,4,4,4,5,1,3,4,4,50,4,5,7,6,4,7,1,7,3,4,1,1,6,6,4,4,3,4,6,6,3,6,3,6,4,4,-0.35662854993464377,-0.13982140257267167,-0.2432548137390662,-0.08767700975095462
7,7,7,7,7,7,4,4,1,5,5,6,5,5,6,7,6,6,6,6,5,6,6,6,6,88,5,5,7,1,2,2,6,2,6,4,3,6,1,4,4,4,2,5,2,4,4,5,2,1,4,3,0.16564464639479862,0.06690633190723262,0.0971267471287666,0.09253420905818291
5,5,6,6,6,6,1,7,4,2,2,1,7,4,2,1,2,1,1,1,1,1,3,2,3,34,1,5,5,4,4,2,7,5,2,1,1,4,5,4,2,5,3,2,5,1,3,2,4,5,3,1,-0.45562827792932065,-0.19753528120976926,-0.34291802680124983,-0.1542885470969896
3,2,2,3,2,4,6,6,2,7,5,2,1,1,3,4,6,1,4,5,6,1,1,1,4,33,3,4,4,5,4,4,3,1,5,1,3,2,1,5,1,1,4,2,3,2,1,4,5,1,5,3,-0.5391576357592938,-0.16403435244774794,-0.4149875690829858,-0.15940966050261834
4,5,4,3,5,5,3,4,7,7,4,5,4,5,4,5,4,6,3,1,5,1,4,1,4,50,4,5,1,7,2,3,7,6,6,3,1,1,6,6,5,5,6,6,6,5,3,2,2,3,6,1,-0.19152790082242402,-0.10933282283455177,-0.062248633432787505,-0.07808754249424335
5,5,5,7,5,6,4,4,1,5,3,5,2,4,3,5,4,2,3,3,4,4,3,5,4,45,4,4,5,5,5,4,5,2,4,3,3,6,4,4,5,2,5,4,5,3,3,4,2,6,5,2,-0.1474716671985085,-0.03770825428780462,-0.07573146520317695,-0.03370428357767351
7,7,7,7,7,7,7,1,1,1,7,6,6,6,5,5,6,4,3,2,6,2,3,2,4,75,3,1,5,5,4,4,3,4,3,3,2,5,5,5,5,5,4,3,5,5,5,5,4,4,4,2,-0.027111469638489632,-0.054905876608379464,0.03009480339171846,-0.0664200794286151
7,7,7,4,4,4,7,7,2,4,7,7,3,7,6,7,7,3,5,6,7,6,7,5,2,70,5,7,7,7,7,7,7,5,5,6,4,5,2,4,4,1,1,4,3,6,4,6,1,4,6,3,0.09264343908123926,0.0047114852508506,0.09074542865901858,-0.008147972075430106
7,7,7,7,7,7,4,6,2,7,5,6,2,7,6,6,7,7,6,6,6,5,7,6,6,70,5,2,6,2,6,1,6,2,6,6,4,5,2,4,5,2,2,5,5,5,5,5,1,4,5,2,0.2214061524896605,0.08258480875587779,0.17539247450101905,0.09726185689538315
6,4,6,4,6,4,NA,NA,NA,NA,5,7,7,6,7,7,7,4,6,6,7,7,6,6,6,70,4,NA,NA,NA,NA,NA,NA,NA,6,5,5,6,5,2,4,3,5,4,1,5,5,6,3,6,6,5,0.21993532217399622,0.07797030496603652,0.13839398918999718,0.05432659539762421
5,5,4,5,6,4,6,5,5,7,5,6,3,3,5,6,7,3,7,5,7,4,7,5,6,40,4,3,4,3,3,3,3,4,3,1,3,4,2,4,3,3,3,3,3,5,3,3,1,3,4,3,-0.1732093201366101,-0.04525519832665173,-0.06377965643280888,-0.08127968662570137
5,6,4,3,7,5,4,6,3,7,7,7,7,7,5,6,7,4,5,6,7,7,7,6,5,75,5,6,4,3,3,1,7,5,6,3,3,6,1,4,5,1,2,5,3,6,5,6,3,4,5,1,0.16017298111569897,0.03568241683848996,0.11615172044677206,0.031106529342113044
5,4,5,4,4,4,6,5,3,6,6,5,5,3,3,6,2,2,2,2,6,3,5,5,6,75,4,6,6,5,6,5,6,5,5,4,2,4,3,5,3,4,4,2,5,4,3,4,3,5,4,3,-0.21564678064824166,-0.06436865860470402,-0.1365421151546768,-0.05746750408681404
7,7,7,7,7,7,7,3,1,7,7,7,7,7,5,7,7,5,7,6,7,5,7,6,7,80,6,3,4,1,1,1,7,3,6,6,5,5,3,1,5,3,1,6,4,6,4,4,1,2,4,6,0.3433116410796382,0.15227692802951587,0.28102835624532896,0.1441787212773687
5,6,7,3,4,4,4,1,3,7,4,5,5,7,5,3,7,4,3,4,5,2,3,2,4,35,2,1,4,3,3,2,7,2,3,4,1,3,5,3,3,4,5,3,6,4,6,6,2,3,3,2,-0.09837911412257604,-0.08512943551808232,-0.0770802781134839,-0.06091225352529785
5,5,7,4,5,5,1,7,1,6,5,5,5,5,5,5,3,4,4,4,5,3,4,4,4,80,4,4,4,3,4,4,3,6,6,4,2,6,1,2,2,2,1,2,2,5,4,4,2,3,4,4,-0.07792645699030452,-0.03608480409028472,-0.17287230165079956,-6.608439831084876e-4
3,5,5,6,4,7,2,4,1,7,7,7,4,5,4,3,3,7,7,4,3,6,5,5,7,40,4,5,6,6,1,6,7,6,2,3,4,6,2,4,3,3,1,1,5,6,2,6,1,3,3,4,0.05847841745607032,0.023871259906807128,-0.018222986210064025,-6.065190488721948e-4
4,4,4,4,4,4,5,3,1,7,7,7,3,5,5,7,6,4,1,3,7,1,5,1,5,60,6,1,6,7,3,1,5,4,5,2,2,6,6,6,4,1,6,3,6,6,4,6,1,6,6,4,-0.13568134046017588,-0.05853199149751588,-0.031247100968346764,-0.08866813698615836
3,4,5,4,5,3,4,3,4,6,6,6,6,7,5,7,6,5,4,4,6,2,4,3,4,62,4,3,5,3,3,4,4,4,3,6,3,3,3,3,3,3,2,3,3,4,3,4,2,4,3,3,-0.005637147953123628,-0.05704248497182603,-0.0016599997326764316,-0.05382529045666664
5,5,5,6,6,6,6,7,3,6,6,6,6,6,6,5,6,6,7,4,6,3,6,4,5,50,5,3,5,2,4,2,6,3,5,5,4,5,5,2,5,3,2,6,5,4,4,6,5,3,5,3,0.10155914597439286,0.02709133645905614,0.1501843940400262,0.027845460037202084
4,4,4,4,4,4,4,4,4,4,4,5,6,6,5,6,6,3,4,5,4,3,4,3,6,75,4,1,4,5,3,2,6,5,4,5,5,3,5,5,3,4,4,5,6,4,2,4,3,4,5,5,-0.015916769514950514,-0.031044083142305966,0.08928559373142862,-0.028906067819530746
7,4,7,4,4,4,6,2,1,7,4,6,4,6,3,7,6,4,3,4,6,4,5,5,4,70,4,1,4,3,5,4,6,5,3,4,3,4,5,4,2,3,1,4,4,4,2,5,3,3,4,3,0.02281785662313154,-0.01509375174789131,-0.003780307846704187,-0.02741182487813156
7,7,7,6,7,7,7,5,6,7,7,7,6,7,7,7,7,1,6,7,7,7,7,7,7,99,7,4,3,4,1,4,1,1,5,5,6,4,6,2,6,1,2,6,1,6,5,6,1,1,5,6,0.24973311565244435,0.14098833242319678,0.19616376012286843,0.1335219216354816
7,7,7,7,7,7,7,3,3,7,6,7,7,7,7,7,7,7,7,7,7,6,6,6,6,90,5,4,5,4,5,3,5,5,6,6,5,6,4,3,6,3,3,3,3,6,6,6,3,4,6,3,0.3146189874140631,0.11161537905424226,0.187707161725521,0.09341510438641218
5,7,7,7,5,5,7,7,1,5,7,7,7,7,7,7,7,7,7,7,7,7,7,6,5,96,4,1,7,1,1,1,7,5,4,6,1,3,1,1,6,1,1,6,6,6,4,6,1,5,4,3,0.3165857706959864,0.050106704704743946,0.17298634661385662,0.09743874679696879
7,7,7,4,4,5,1,1,4,7,7,7,7,7,1,7,7,7,4,7,7,4,7,4,7,80,5,7,7,3,2,5,7,1,6,6,3,6,4,6,6,6,1,5,6,6,6,6,3,6,6,4,0.149811376356327,0.034143417124855316,0.14951218497487806,0.09340350475789917
7,6,6,6,6,6,6,6,1,6,4,5,6,6,3,7,5,1,4,2,6,2,6,4,3,75,4,2,6,3,4,4,6,2,4,5,1,3,3,5,3,1,3,2,4,5,6,6,4,2,4,1,-0.15890895480756767,-0.053879944719610426,-0.12391340109704352,-0.06281258756177624
5,4,4,4,4,4,6,5,4,4,6,6,4,3,6,6,6,5,6,4,6,5,6,5,5,90,4,5,6,3,4,5,6,6,5,5,4,5,2,4,5,2,3,4,2,4,5,4,1,3,5,4,0.007334350593497213,-0.011591476064355802,0.04178576819686662,-0.013909474988218951
5,5,6,6,6,5,5,5,6,6,5,6,5,5,5,6,6,6,6,6,6,6,5,6,6,80,5,5,5,6,6,6,6,6,5,5,2,4,4,5,4,4,5,5,4,3,3,6,4,5,5,4,0.06941979030940039,0.018390272269074966,0.04970633792828204,0.04770524101455805
7,7,6,4,6,4,6,1,1,7,7,6,6,5,6,6,3,7,3,3,7,7,7,6,6,80,5,1,5,5,4,4,3,5,5,6,4,4,1,4,6,5,1,5,4,6,6,6,1,2,6,1,0.21479832340575525,0.021703045676895433,0.19688484427101097,0.05272872343132244
4,4,4,4,4,4,5,5,5,6,6,5,6,6,5,5,5,3,5,3,5,5,5,3,5,82,5,6,5,5,3,3,5,5,3,5,5,3,4,4,3,4,3,4,5,3,4,4,3,4,4,5,0.002072919014386933,-0.03252391788427774,0.003844310965644568,-0.022525617829023476
4,4,4,4,4,4,4,4,3,5,7,7,2,6,7,5,4,4,4,5,7,4,7,4,4,80,6,4,4,3,6,3,4,3,4,4,2,4,1,2,4,4,1,4,1,6,6,4,1,1,6,1,0.025981745771368293,-0.046566161412474265,-0.017889021073964013,-0.033815502717071094
6,4,6,2,2,2,2,6,2,4,2,2,6,6,2,2,2,4,2,6,4,6,4,4,2,29,3,6,4,4,6,6,6,6,5,2,2,5,5,5,5,5,5,2,5,5,2,5,5,5,2,2,-0.2574080982404803,-0.15074213778355888,-0.35907433069558825,-0.08412007076510013
7,2,1,7,7,3,NA,NA,NA,NA,4,7,2,7,7,1,1,1,1,6,7,1,7,1,1,85,4,1,7,1,3,1,7,4,5,2,1,5,1,2,5,1,6,6,6,1,6,3,6,6,6,2,-0.04732729211441246,-0.06095128585111666,0.007574990998545752,-0.11211321693850944
6,5,7,7,7,7,7,4,5,6,4,1,1,1,1,1,1,1,1,1,1,1,5,1,1,1,1,1,7,7,5,1,7,7,1,2,1,4,6,6,1,6,6,1,6,1,4,3,6,6,6,1,-0.5872307984196702,-0.20034833789277476,-0.33540686677917464,-0.2262231351590221
7,7,7,7,7,7,7,4,1,7,5,4,5,1,1,4,3,1,1,1,3,4,4,1,4,4,1,7,4,7,7,7,7,4,NA,NA,NA,NA,NA,NA,NA,NA,6,1,6,6,1,6,6,6,6,1,-0.3773982969843418,-0.11248852753712331,-0.09971793929241916,-0.10923710671997777
6,6,6,6,6,7,6,2,2,6,6,6,6,6,5,6,6,6,6,6,6,6,6,6,6,90,7,5,3,5,5,5,5,5,5,5,5,3,4,3,5,2,3,5,3,5,5,5,3,3,5,3,0.22904706192852972,0.07408057208284873,0.12287960619973959,0.07966600204574269
6,5,5,6,6,6,3,3,3,3,7,7,7,7,7,7,7,1,2,2,4,4,4,5,3,25,4,2,2,4,3,4,3,4,NA,NA,NA,NA,NA,NA,NA,NA,6,6,4,2,3,2,3,4,2,3,-0.07363694866122192,-0.04929679819556806,0.07664529654062643,-0.022113508709717795
7,7,7,7,7,7,7,7,4,5,2,2,1,2,1,2,3,1,1,1,7,1,3,1,1,38,2,7,7,7,7,3,1,7,6,3,1,3,4,6,1,6,6,2,6,2,1,5,6,6,6,2,-0.5150524111558039,-0.16501823560592455,-0.35396684826942265,-0.13921318139719274
7,7,7,5,7,7,1,7,1,6,7,6,3,7,7,6,7,7,4,7,7,5,5,4,4,87,4,4,1,7,7,1,7,4,4,6,3,5,2,1,6,1,1,6,3,6,6,6,1,4,6,5,0.26172241340218716,0.062896372364567,0.1368626143032842,0.10628396036911367
6,5,6,5,7,6,7,2,6,7,1,5,1,2,1,6,5,1,1,1,2,6,1,1,7,25,2,6,7,1,7,7,1,1,3,4,1,5,2,6,5,6,3,1,4,3,4,5,5,5,6,1,-0.3121763553646807,-0.12338817428388374,-0.10501441983176793,-0.107033129243187
3,4,5,4,5,6,1,2,3,4,5,6,NA,7,NA,6,NA,7,6,6,6,6,7,6,7,90,5,6,7,6,5,6,7,6,1,1,1,1,3,1,2,1,2,2,2,1,2,6,5,5,5,6,0.13900844978552437,0.019315353748132327,-0.2016081569311766,0.04246762896699229
6,5,6,3,5,5,5,3,3,5,6,5,5,6,3,3,5,3,5,5,5,5,4,3,3,70,6,5,3,5,5,5,3,5,5,4,5,3,5,3,4,6,6,4,4,4,5,6,3,4,5,4,0.0034345041720368133,-0.019824456780634485,-0.053031834098138955,-0.024333889679310675
4,4,4,4,4,4,5,3,4,4,4,4,5,4,4,4,7,4,6,5,7,6,7,4,4,60,5,4,4,4,4,4,4,4,3,4,4,4,3,3,2,3,3,5,2,6,4,6,1,2,5,4,-0.05480972904640411,-0.05692398137788478,-0.05280623878634003,-0.021751336329453093
7,7,7,7,7,7,NA,NA,NA,NA,7,7,7,4,7,7,7,7,7,7,7,7,7,7,7,90,7,NA,NA,NA,NA,NA,NA,NA,1,6,5,6,6,1,5,3,1,6,3,6,6,6,1,2,3,2,0.34017942303107473,0.0884509615147605,0.3430565625128691,0.09654358427952424
5,5,5,5,5,5,5,5,5,5,5,7,5,5,5,5,5,5,5,5,5,5,5,5,6,NA,6,5,5,5,5,5,5,5,5,4,5,4,4,3,4,4,4,5,3,4,4,4,4,4,4,4,0.09352465219332222,0.030960056192688996,0.1255662762214088,0.011828719892063345
6,7,7,4,7,7,1,5,1,1,5,4,3,6,7,7,5,7,5,7,7,7,6,2,4,40,4,1,4,2,1,1,4,4,4,6,6,3,6,2,3,1,1,5,6,6,4,6,1,4,4,1,0.1585686808811016,-0.029421316633979892,0.15303169835971803,-2.8907435589449123e-5
3,4,7,7,7,7,4,1,1,7,7,7,4,7,7,7,7,7,7,7,7,7,7,7,7,100,7,1,7,7,7,7,7,1,6,6,6,3,1,3,6,1,1,6,1,6,6,6,1,1,6,6,0.416814639107276,0.1889068194187002,0.21755373995567315,0.15916435235898405
5,7,7,7,7,7,7,1,7,7,7,5,1,7,7,7,7,1,4,7,7,6,6,7,6,30,1,4,7,7,7,4,1,7,5,3,1,6,1,3,6,6,6,1,1,6,1,4,3,2,6,1,-0.09474748566885914,-0.017894890540718307,-0.1449489025371235,0.007011582842127155
1,7,1,7,7,7,4,6,3,6,4,7,2,7,1,7,6,5,5,4,7,3,4,5,6,65,4,6,6,6,6,6,5,3,4,1,6,6,1,1,4,3,2,5,2,6,6,4,3,4,2,6,0.1825856954820753,0.09729858798959927,0.12393834718881991,0.05721546865306285
7,7,7,7,7,7,7,1,3,7,7,7,6,6,6,7,7,6,7,6,7,6,6,6,7,50,7,1,7,1,7,1,7,1,6,4,6,6,1,1,6,5,2,6,1,6,5,5,1,1,2,5,0.3222346377871114,0.15548651240942593,0.2889908896509486,0.11767543362234412
5,3,2,4,4,4,5,7,2,7,5,7,5,4,3,7,7,2,5,3,7,3,3,2,7,60,4,5,4,2,2,1,7,3,5,2,2,6,4,3,1,1,1,2,4,4,3,5,3,1,6,5,-0.13161486401219213,-0.03588187536110925,-0.06298265415584052,-0.06517490706500964
7,7,4,6,4,5,6,6,2,3,7,7,6,4,5,5,5,6,2,5,7,4,6,6,3,55,6,3,7,5,5,3,6,4,6,2,3,4,5,2,4,1,2,5,4,5,4,6,1,4,3,3,0.02548391746770167,0.01825407331307775,0.002258676924741981,-0.00585971557986735
5,5,3,3,2,2,6,3,2,2,5,3,5,6,3,5,5,2,3,2,5,6,6,6,5,75,4,5,5,5,6,6,5,5,4,3,2,4,5,2,4,3,4,5,5,3,4,4,4,6,3,3,-0.05619676927640303,-0.09241876715417602,-0.12593703610533688,0.006599942765425077
7,5,5,3,5,4,7,3,5,5,5,6,7,6,5,7,7,3,2,3,5,3,5,5,5,50,3,5,5,5,5,5,5,5,6,5,3,3,3,4,4,4,3,4,5,5,4,6,3,4,6,4,-0.05735419929580008,-0.011370230860030583,0.002251457531023339,-0.016661757992128462
7,7,7,7,7,7,7,7,7,7,7,7,7,7,7,7,7,7,7,7,7,7,7,7,7,70,5,1,7,7,7,1,1,1,6,6,5,6,6,1,6,1,1,6,6,6,2,6,1,1,1,6,0.3454857143963064,0.16033774667321715,0.2339888821046272,0.17647542074891842
7,7,7,7,7,7,7,1,5,7,7,7,7,7,7,7,7,7,7,7,4,6,7,7,7,100,6,1,7,1,1,1,7,1,5,6,6,5,3,1,6,1,1,4,5,6,5,6,1,1,6,3,0.4225504055099947,0.1589041045343654,0.27973480315385935,0.12589114425017398
7,7,7,6,7,7,5,7,4,7,6,7,3,5,3,7,7,4,2,2,6,5,6,4,6,25,4,1,6,2,4,1,6,5,6,5,5,3,1,5,4,1,1,5,2,5,6,5,3,1,4,3,0.034053312117321016,0.046646853664974265,0.2091623236280801,-0.006071306517803851
6,7,6,7,6,7,1,1,2,5,6,7,7,7,5,6,7,5,6,7,7,5,6,5,6,76,6,2,5,4,2,1,4,3,6,4,5,5,3,2,6,2,1,2,2,6,4,4,1,2,2,3,0.19782186902808369,0.07372041396845495,0.06024478617228489,0.0510075469062682
6,4,6,5,4,7,7,7,1,7,7,7,7,4,7,5,6,6,7,7,5,6,7,4,5,80,5,7,7,5,3,1,7,1,5,6,5,4,2,3,5,1,4,6,3,6,1,6,6,4,4,6,0.16258523601766162,0.0899060696445814,0.11781464361901703,0.078911760505325
5,5,4,5,5,5,5,4,5,5,5,3,3,3,3,5,3,5,5,3,5,4,5,5,4,30,4,5,4,5,5,5,4,4,4,4,4,3,4,4,4,4,4,4,4,4,4,4,4,4,4,4,-0.19515465146186994,-0.054223715136247706,-0.1467306044564066,-0.03005599104631516
7,7,7,4,6,6,4,5,4,7,7,5,4,4,6,5,7,2,4,3,7,6,7,6,6,52,NA,6,4,6,5,4,4,5,6,5,1,5,6,2,5,1,2,3,1,6,6,6,1,5,4,1,-0.08741291092439321,-0.03126830614014407,-0.06350427005599299,0.02697694787100906
5,5,5,4,4,5,4,5,5,5,4,5,5,5,5,5,5,5,5,5,5,5,5,5,5,100,7,5,5,5,5,5,5,5,4,5,6,4,4,4,4,4,4,4,4,4,4,4,4,4,4,4,0.07336992976378257,0.00834503026545955,0.0358976972824631,0.015511980662679717
6,6,6,6,6,6,5,6,3,6,7,7,4,7,6,7,7,3,6,3,7,3,5,4,6,80,4,2,6,2,1,1,7,4,6,6,4,5,2,4,3,4,1,4,4,4,5,5,1,1,4,4,0.11253113798116907,0.051046844628683086,0.17701422472072442,0.026775141634216494
6,6,6,6,6,6,6,7,2,7,7,7,6,6,4,6,6,6,6,6,6,5,6,6,6,70,5,3,4,3,5,3,6,3,5,4,4,6,4,3,4,3,1,5,4,5,4,6,2,4,5,6,0.19031022571834968,0.10233066989200361,0.13377684290456562,0.08700409802781525
7,7,4,4,4,4,4,4,2,7,4,7,7,7,4,7,7,4,7,5,7,7,7,7,4,50,4,5,4,7,4,4,4,4,6,6,2,5,4,4,6,1,2,4,5,3,6,6,1,5,6,1,0.078888781626765,0.006032632852054768,0.029193364024819302,0.04572028774274418
7,7,7,5,7,4,4,4,4,6,5,2,1,3,5,5,1,1,1,1,5,1,6,3,5,30,2,6,7,7,7,7,7,1,1,1,1,3,5,6,2,5,4,3,5,4,2,4,2,5,3,4,-0.43052050099858163,-0.14304159518555074,-0.2284799724519626,-0.11303516231283328
7,7,7,7,7,7,7,7,1,7,7,7,7,7,7,7,7,7,7,7,7,7,7,7,7,100,7,7,7,1,1,1,7,1,6,6,6,6,1,1,6,1,1,6,6,6,6,6,1,1,6,6,0.4471036753586962,0.18661460529958637,0.28341915630629677,0.18996287357746067
7,7,7,6,7,7,4,4,4,4,4,7,2,5,2,7,6,3,3,5,6,6,6,3,5,34,3,6,7,7,7,6,5,5,3,3,2,5,5,4,4,6,5,4,6,4,5,6,3,3,6,2,-0.039518921766556525,-0.040022252886037515,0.06684324047954093,-0.04429733037984442
1,4,4,4,4,4,4,6,2,5,2,2,6,1,2,5,2,1,1,2,4,5,5,5,5,30,4,4,5,4,3,2,7,2,2,2,1,4,4,6,2,4,1,1,6,5,3,3,1,5,3,1,-0.4551289329222695,-0.15839834733759703,-0.3313121502007098,-0.13027582388650322
7,7,7,7,7,7,7,1,1,7,7,4,6,7,1,4,6,7,7,4,7,1,7,6,7,80,6,1,4,1,1,1,7,1,5,6,6,6,1,1,6,1,1,6,6,6,6,6,1,5,6,6,0.2722375065461341,0.12593120663075902,0.2239599167050145,0.14888539366318093
6,5,6,4,4,5,4,4,4,4,5,7,7,6,3,7,6,7,6,4,4,4,4,4,4,90,6,4,4,4,4,4,4,4,4,3,4,4,6,2,6,3,3,5,4,6,4,6,2,3,3,5,0.14736289304145012,0.023608604449514032,0.025191816398968205,0.022866790579518494
7,7,7,7,7,4,5,5,3,7,6,7,6,6,5,6,6,3,6,6,7,5,5,5,5,85,4,3,5,6,5,5,7,5,5,5,3,3,4,4,4,3,2,4,3,6,3,6,1,3,6,3,0.10259212593744775,0.023513378867092892,0.13503004807113111,-0.0018846568725170182
6,6,6,6,6,6,1,6,4,4,6,7,6,6,5,7,7,3,5,5,6,3,6,4,4,50,4,6,6,6,6,6,6,5,3,5,4,6,5,5,5,6,5,4,5,5,5,6,3,1,5,5,-0.04469535072487527,-0.006767085362948113,0.07676312801768402,-0.026193494151883857
6,6,6,5,5,6,6,5,3,5,5,3,2,4,2,5,3,2,4,2,5,4,5,5,2,45,3,5,7,5,6,5,3,6,2,2,2,5,5,4,3,3,3,4,5,4,2,5,1,5,5,4,-0.254648231510236,-0.08413660283748922,-0.23982958631286427,-0.046716520373076706
6,6,5,6,6,5,6,2,2,6,6,5,6,6,6,7,6,6,6,5,6,5,6,6,7,91,5,6,6,5,2,2,6,2,4,5,4,4,3,2,5,2,3,3,4,6,5,4,3,3,4,4,0.17919323759180905,0.04799997715643487,0.04330250834443149,0.07367598418171976
5,4,4,4,4,5,5,6,3,6,5,6,5,5,6,5,5,4,3,3,6,4,5,4,4,70,4,2,5,3,4,3,6,3,4,4,4,3,2,5,4,3,4,3,4,5,4,5,3,2,5,5,-0.04875113795213622,0.004801898238915863,-0.06741348719494035,-0.0357191087589839
6,5,5,4,4,4,6,4,1,6,5,4,3,5,3,5,5,5,3,5,5,5,5,3,4,47,5,5,7,5,5,5,2,2,3,5,5,4,4,4,3,1,4,3,4,4,3,4,3,3,3,3,-0.05986151055403808,-0.06114098120174479,-0.06584904852391463,-0.035721561325701076
6,7,6,7,7,7,7,6,1,7,7,7,7,7,6,7,7,5,6,4,7,4,7,7,4,75,4,7,7,6,6,5,4,4,5,5,5,6,6,6,6,4,3,2,4,6,5,6,1,4,5,3,0.10420969908998615,0.08172613427715703,0.04065007604071306,0.032493825923003615
7,7,7,7,7,7,NA,NA,NA,NA,4,5,7,6,4,6,6,4,6,6,6,4,3,4,1,70,5,5,5,6,7,7,6,7,2,1,2,2,1,1,3,3,1,2,3,5,4,4,5,4,5,2,-0.05569898697633724,-0.03690207816109984,-0.2218199078986139,-0.0685598980761558
7,7,7,7,7,7,7,1,1,7,7,7,6,7,1,7,7,7,7,7,7,7,7,7,7,80,3,1,7,1,7,1,7,1,6,6,3,6,3,3,6,1,3,6,6,6,6,6,1,6,6,1,0.3701861302119053,0.11869561166631329,0.2880114278522378,0.14080599178065345
7,7,7,7,7,7,7,1,1,7,7,7,7,7,7,7,7,7,7,7,7,7,7,7,7,100,6,1,7,1,1,1,7,1,6,6,6,6,2,2,6,2,2,6,6,6,6,6,2,2,6,2,0.4700049653085334,0.16117278305738542,0.3595876011757271,0.15098357715127475
7,7,7,7,7,4,NA,NA,NA,NA,4,7,7,4,5,7,7,5,7,3,4,5,7,6,7,60,4,7,7,1,7,1,7,1,6,6,4,6,4,2,5,5,6,6,1,4,4,6,5,6,6,6,0.1416834294142553,0.08498067706681896,0.25161694549751673,0.08828513929756235
7,7,7,7,6,7,NA,NA,NA,NA,6,3,1,3,2,7,5,4,7,6,7,1,4,1,7,30,1,1,1,7,7,7,7,1,6,3,1,6,6,6,6,1,6,6,1,5,3,6,6,6,6,3,-0.2360609221000684,-0.07787263230004167,0.031424160005052805,-0.013911451399191468
7,7,5,5,5,5,NA,NA,NA,NA,7,7,7,7,1,5,7,7,7,7,7,7,5,5,5,60,4,NA,NA,NA,NA,NA,NA,NA,3,6,1,6,4,3,6,6,4,3,6,6,1,6,4,6,6,6,0.19207571350197017,0.04709002555842997,0.056545078349167256,0.08004659771994801
7,7,7,7,7,7,NA,NA,NA,NA,7,7,4,5,5,7,5,7,7,7,7,7,7,7,4,30,4,7,7,7,7,7,7,1,6,5,1,3,6,1,3,1,6,6,6,3,6,6,6,3,5,4,0.14526523070981973,0.08131449763313223,0.03389480394833917,0.10320690712798497
1,1,7,7,4,7,7,7,1,7,7,7,7,7,4,7,7,1,7,4,7,7,7,7,7,50,4,7,7,7,7,7,7,1,6,4,1,6,4,1,6,1,6,6,3,6,6,6,6,6,6,6,0.08607320228564157,0.09442330623627651,-0.04592833345455549,0.12174366771732326
3,5,6,6,6,6,7,2,6,7,5,5,3,3,5,6,6,2,2,3,5,3,3,6,6,55,3,1,7,6,5,5,5,2,4,2,1,4,5,5,6,2,4,2,5,4,5,3,3,4,4,1,-0.2332467855582469,-0.04073100591859481,-0.1509728739183313,-0.06190999920245536
4,5,5,6,5,6,5,4,5,5,4,6,6,3,2,4,6,3,5,6,5,4,4,4,4,60,4,6,4,7,7,4,6,7,5,4,3,4,6,5,6,4,4,4,4,4,5,4,3,6,4,2,-0.14808043020107525,-0.050467491780662024,-0.02104917252056886,-0.06512394135716819
7,6,7,6,7,7,6,4,3,7,5,7,1,6,2,7,7,7,6,6,6,3,5,4,3,50,4,1,6,7,6,5,7,4,5,5,4,6,6,5,4,4,4,4,6,5,4,6,4,5,6,4,0.10142951826966232,0.06491113332478791,0.11927925568817302,0.005499682818850554
5,5,5,5,5,5,3,3,2,7,4,4,5,4,2,5,5,4,4,4,5,3,5,4,4,70,4,6,6,4,4,4,7,4,2,3,3,6,4,6,3,1,3,3,4,4,3,3,2,2,6,4,-0.16157338400815152,-0.06049686843044814,-0.12631250723786516,-0.04466878849140432
7,4,4,6,4,6,1,1,1,7,7,7,6,6,6,6,6,2,6,6,6,6,6,6,4,100,6,2,5,1,1,1,1,1,6,1,4,1,1,4,5,6,1,6,4,6,6,6,4,6,6,6,0.05986885705965635,0.0787484463706139,-0.15140334672634073,0.06364107558388052
7,7,7,7,7,7,1,7,1,7,6,6,6,6,6,6,6,6,6,6,6,6,6,6,6,100,7,7,4,6,6,1,6,6,6,6,6,6,1,1,6,1,1,6,1,6,6,6,1,1,6,6,0.31337575438254683,0.12050293979265041,0.20192276615072813,0.1513555590349195
6,5,6,5,6,6,4,4,4,4,1,4,1,1,1,4,1,1,1,1,6,1,1,1,4,30,1,4,5,2,2,1,7,1,6,1,1,4,1,6,1,6,6,1,4,4,1,1,6,4,6,1,-0.4813113252693437,-0.1374272506626132,-0.26823822700312616,-0.17331146074341153
6,6,7,3,5,5,5,6,5,6,2,3,2,3,3,3,2,2,3,5,4,2,2,3,4,75,4,5,3,5,5,4,5,3,5,5,3,3,3,2,3,2,2,2,2,4,4,3,2,2,3,2,-0.2247718661532468,-0.0879819217054594,-0.16300847902151794,-0.060988347747815176
6,7,7,7,7,7,5,6,3,5,5,4,3,2,3,2,4,3,6,2,2,1,2,3,2,50,4,4,6,5,5,5,4,1,6,1,1,6,6,6,3,2,5,4,6,3,3,4,4,4,6,1,-0.3460456035785576,-0.08563693814499,-0.19723919134518444,-0.08343714578931204
6,6,6,6,6,6,4,2,1,7,6,7,6,6,6,7,7,6,7,7,7,7,7,7,6,92,5,6,6,2,1,3,2,6,5,4,5,6,2,1,6,1,1,5,4,5,5,6,2,1,4,5,0.2929975470857466,0.10166535835061297,0.11057768256126696,0.12133207414083062
7,7,7,7,7,7,7,1,1,7,7,7,7,7,7,7,7,7,7,7,7,7,7,7,7,80,7,1,1,1,1,1,1,1,2,5,6,1,1,1,5,6,6,6,6,6,6,6,6,1,2,6,0.3939843925231544,0.15071158286310746,0.21100862842238088,0.14254064591108523
6,6,7,6,6,6,7,5,5,6,5,6,6,6,5,6,6,6,6,4,5,5,5,5,6,70,5,3,3,3,5,3,6,3,4,5,5,4,3,5,5,5,5,4,5,5,5,5,3,3,5,4,0.1278036188464879,0.053053436575508074,0.1334933698772591,0.029371719496868638
7,7,7,7,6,6,7,1,1,7,7,7,7,7,7,7,7,7,7,7,7,7,7,7,7,50,5,1,3,5,7,1,5,7,6,1,6,6,6,1,6,1,1,6,4,4,5,6,2,4,6,6,0.3530422605857196,0.14601398213445993,0.20779618715293463,0.11634789097687766
5,6,5,5,5,4,4,4,4,4,5,5,5,4,5,5,5,4,5,5,5,5,6,5,5,90,4,4,4,4,4,4,5,4,4,4,4,4,4,4,4,4,3,4,4,4,4,4,3,4,4,3,-0.006061014908507541,-0.03043021487911058,0.016376234940373696,-0.014416494778142427
7,6,6,6,4,6,7,4,2,7,5,5,4,6,5,4,5,3,4,4,5,3,2,3,4,93,5,1,5,5,4,2,4,5,4,3,4,4,2,3,3,4,3,5,3,3,3,6,3,1,5,4,0.026669518157285382,-0.006687842426871674,0.0032678531547478047,0.001284586699503416
7,5,7,7,7,7,4,3,1,2,7,7,7,7,7,5,7,7,5,6,7,7,5,7,7,80,6,3,5,3,1,1,7,2,6,6,6,6,4,5,6,5,6,4,4,6,6,5,1,1,6,5,0.3262421673998507,0.14050322843771407,0.21939058239400447,0.10887733267157973
7,7,7,7,7,7,7,7,5,7,5,5,7,7,7,7,7,7,3,3,5,5,5,5,7,80,4,1,1,3,3,3,3,3,6,6,3,3,6,3,5,4,4,3,4,4,3,6,3,4,4,2,0.16970954550745085,0.04885622708482845,0.06284038136676126,0.07932028160517181
7,7,7,7,7,7,7,3,3,7,6,7,3,5,7,7,6,3,3,3,7,7,7,7,3,50,4,1,7,5,7,7,3,3,2,1,1,4,4,2,4,4,4,3,6,6,4,4,4,3,6,3,0.01544785519724105,0.038433047407489325,-0.11715059775809708,-9.515564667146182e-4
4,5,4,4,5,6,2,4,5,6,5,5,3,4,4,5,3,2,2,4,5,3,4,3,3,80,4,5,4,6,5,6,2,6,4,4,2,5,6,5,4,3,4,3,5,4,4,5,3,2,5,1,-0.220532820128123,-0.10385947114377403,-0.152556114756853,-0.07435632407692491
7,7,7,7,7,7,7,3,2,7,6,7,6,7,5,7,7,7,6,6,7,5,6,5,6,70,6,1,1,5,5,5,7,7,1,3,5,6,6,2,5,4,2,6,5,6,6,6,1,3,6,6,0.31818544178954855,0.096681144437973085,0.2774566829483929,0.06861787476584127
6,6,6,6,6,6,6,4,5,6,6,6,6,6,6,6,6,6,6,6,6,6,6,4,5,70,4,4,5,4,4,3,4,2,5,4,6,5,4,4,5,2,4,6,3,6,4,6,3,4,3,4,0.17677923726233352,0.058218528769852784,0.16345700761378001,0.04987754210119881
6,7,7,5,4,7,5,5,2,6,5,5,4,4,2,4,4,3,5,2,6,3,4,3,4,60,4,6,6,5,7,7,1,1,4,5,3,4,6,3,5,5,5,5,6,5,2,6,4,4,4,3,-0.12322470109801391,-0.04461687857770665,-0.05450990162386463,0.012297146686230262
7,7,7,7,7,7,4,5,1,7,2,7,5,6,6,7,7,2,2,4,5,5,5,4,4,50,4,7,7,5,1,1,7,1,5,1,1,6,5,2,6,3,4,4,6,4,4,6,1,5,6,5,0.002558477751826288,0.04238724515810656,-0.07347299275017538,0.02856041816936778
5,5,5,4,5,4,4,5,4,3,4,3,4,4,2,5,1,3,2,1,3,1,4,4,4,20,2,6,3,5,4,4,4,3,4,2,1,2,6,2,3,5,5,2,6,2,2,3,6,6,3,4,-0.35209169531904505,-0.11933168100368267,-0.3334632297055918,-0.08765685770610578
1,2,1,1,2,2,5,6,5,5,7,7,2,2,4,7,6,4,5,4,7,4,6,4,4,80,4,3,1,1,1,1,6,2,6,4,4,6,1,1,5,2,1,4,1,5,4,6,1,4,6,3,-0.050478925382050135,-0.03213072460576126,8.466120207657523e-4,-0.05944120592319711
6,4,4,5,5,4,7,4,4,6,1,4,4,6,1,4,4,2,1,2,5,3,2,1,3,20,4,7,5,6,6,4,1,4,5,6,2,NA,NA,6,4,NA,6,4,NA,1,2,5,5,NA,4,5,-0.26791186226939234,-0.10911065111341282,-0.14654069056328153,-0.06117117735423455
7,2,3,3,4,4,7,5,7,7,7,1,1,7,1,3,4,3,1,3,5,3,4,1,3,40,3,5,3,7,7,7,1,7,4,3,3,5,3,6,6,6,6,1,6,1,2,6,6,1,6,1,-0.33294519602722505,-0.18074825133092776,-0.3510824767003069,-0.1309410502601859
7,7,7,7,7,5,7,5,1,7,5,7,7,7,3,5,7,7,6,3,7,3,7,5,7,50,1,1,5,1,4,6,7,1,6,6,6,4,6,4,6,1,1,3,6,6,6,6,1,4,6,1,0.21266773430233177,0.07287047094032092,0.27538012931209466,0.01357030806260299
4,5,7,7,6,6,4,1,1,4,4,7,3,7,2,6,6,2,4,3,6,3,4,2,2,50,4,6,4,7,7,1,4,7,4,6,3,5,5,4,4,4,1,4,5,6,3,6,1,1,6,5,-0.02678695050602601,-0.02863710244853292,0.024190561220809058,-0.041868269304376156
7,7,7,7,7,7,2,6,3,7,6,7,7,7,7,6,7,5,6,7,7,5,7,6,1,40,5,6,5,6,2,2,6,1,6,1,4,3,4,1,5,2,1,6,4,6,5,6,2,3,4,3,0.10756475173169293,0.08394080542250439,-0.056190572136778805,0.037075597527927856
5,7,7,7,7,7,7,1,1,7,1,1,1,1,1,1,1,1,1,1,1,1,1,1,1,10,2,1,1,1,1,1,1,1,1,1,1,6,6,6,3,6,1,1,1,4,1,1,1,1,6,1,-0.5635232033506952,-0.18580845737819884,-0.3769905328869124,-0.1737888896111483
7,7,7,7,7,7,6,4,4,6,7,7,7,7,7,4,7,7,7,7,4,7,7,7,4,100,7,2,4,4,4,4,4,4,6,6,6,6,1,1,6,1,1,6,1,6,6,6,1,1,1,6,0.41567522220998354,0.16976240434953566,0.22548931491484106,0.15676497335563766
5,5,6,6,6,6,7,3,3,7,6,6,5,5,4,6,3,6,5,3,5,4,3,2,5,83,4,4,4,5,5,2,3,4,3,4,4,3,4,5,4,3,2,4,4,4,3,4,4,3,5,4,0.04508467590902259,-0.008891247404525375,0.039453192017666054,-0.021178627535548656
7,7,7,4,7,6,6,2,7,4,6,4,3,3,4,6,4,2,3,2,6,4,6,5,4,57,4,6,5,6,5,6,4,5,5,3,4,5,5,3,4,2,2,4,4,4,4,6,3,4,2,3,-0.14413297683627418,-0.03319470642581075,-0.046569810302741745,-0.030907958407262365
7,7,7,7,7,7,4,7,5,5,7,6,3,6,7,4,7,1,5,4,4,5,6,3,1,70,4,4,6,2,5,4,5,1,6,4,3,6,1,6,5,1,3,5,5,6,4,6,3,1,6,6,-0.0633501746273934,0.0319323593932494,-0.03514769213729799,0.008110136124346527
5,5,5,5,5,7,5,1,1,7,7,7,7,6,7,7,7,7,7,7,7,3,3,5,7,50,4,1,7,1,3,1,1,1,6,3,3,4,1,4,6,6,1,6,6,6,1,6,1,1,6,6,0.09669829471842331,0.08200109985289683,0.03065269389652947,0.09762400118209867
6,6,7,6,6,6,7,1,4,7,6,6,2,6,1,6,6,2,7,2,6,2,2,6,6,30,4,1,4,6,6,1,6,2,6,5,3,5,2,2,2,2,5,2,2,2,5,5,5,2,5,5,-0.03895830520759864,0.05904842941612933,-0.00823808584206279,0.021973206652977827
7,5,7,5,5,3,5,1,1,7,5,7,5,5,3,7,7,3,5,5,7,3,7,3,5,50,4,1,5,4,4,5,7,1,6,4,2,6,4,4,4,1,1,2,4,4,4,6,1,4,6,3,-0.053701401888795866,-0.019753100401233646,0.013659080891560102,-0.05554406090985251
7,7,7,7,7,7,7,4,1,7,7,7,3,5,1,7,5,4,4,5,6,6,6,5,4,50,3,1,5,4,5,4,7,5,6,2,3,3,2,3,3,2,6,6,4,6,4,6,2,3,6,6,0.11144701099200913,0.09477651399940942,0.07118925240562066,0.04401724439114748
4,4,7,7,7,7,7,1,1,7,7,7,5,7,4,7,7,6,7,7,7,7,7,7,4,100,7,4,7,1,3,4,4,1,6,6,5,4,4,1,6,5,2,6,3,6,4,6,2,6,5,2,0.3695585155754584,0.13441475184877083,0.1455362888722394,0.12002652852767552
6,6,7,6,4,4,7,5,3,5,7,7,6,7,3,7,7,7,7,3,7,6,3,5,7,95,4,3,4,3,4,1,7,5,6,5,4,6,3,4,6,1,4,6,1,6,5,6,4,6,6,6,0.2924031785261552,0.07572389411361874,0.23987445399873,0.10155566533752536
7,4,5,4,4,5,4,5,1,7,7,6,4,1,3,5,2,3,4,1,7,3,4,2,2,50,6,3,6,1,1,1,3,5,3,3,5,1,6,3,3,3,2,6,4,2,1,4,1,3,4,3,-0.1987240998097552,-0.07299753948561362,-0.037629082189906966,-0.11490587510971566
7,7,7,7,7,7,7,7,1,7,7,7,7,7,7,7,7,7,7,7,7,7,7,7,7,1,3,1,1,7,1,4,7,4,6,6,6,6,6,1,6,1,1,6,6,6,6,6,1,1,6,6,0.31951901654220494,0.16330454287228885,0.31962097826764274,0.1337968963786412
7,7,7,7,7,7,7,4,1,7,5,5,4,5,6,6,5,4,4,3,5,7,7,4,5,50,4,1,4,3,1,1,7,1,5,4,2,6,2,4,6,1,3,5,3,6,6,6,4,3,6,4,0.07275249455123331,0.04280657312397105,0.06810069903411078,0.05833309009978527
7,7,7,7,7,7,7,3,2,7,7,7,4,7,7,4,7,7,7,7,7,7,7,7,7,80,5,7,4,4,7,4,4,4,6,6,6,6,6,3,6,3,6,6,6,6,6,6,6,6,6,6,0.37214395682250156,0.15811783211449235,0.2615644258491432,0.16969552233472363
4,4,3,4,4,4,7,1,1,7,5,7,5,5,1,4,7,4,4,5,5,4,4,3,4,70,6,1,7,1,4,1,4,4,3,5,3,5,5,1,6,4,3,3,6,4,6,4,3,6,4,3,0.06344893522238351,-0.021477008281969145,0.040575526027927876,-0.039209226522774726
5,6,7,6,4,4,6,3,1,6,5,6,4,5,4,5,4,4,4,7,6,5,6,4,5,80,7,2,5,5,6,5,4,6,3,5,6,3,3,5,4,4,2,5,6,6,4,4,2,1,4,6,0.07948918343105231,0.012168653966132308,0.13339384633252302,-0.0015031832100829293
3,5,5,6,5,6,5,3,1,7,7,4,1,5,1,7,5,5,3,5,5,5,3,3,5,5,3,6,7,3,4,3,3,5,5,1,1,5,6,6,1,4,6,1,6,6,1,6,3,6,6,1,-0.2532974670517776,-0.1009695698829739,-0.28494397886276557,-0.07400361327700467
7,5,7,5,7,5,7,7,4,7,6,6,1,1,2,3,6,6,1,1,1,7,7,7,1,30,3,7,1,7,7,5,3,5,5,1,2,6,6,6,5,3,1,6,6,6,6,6,1,6,6,3,-0.17150570388895658,-0.010632778300328053,-0.13010700752780407,-0.034510611536510416
6,7,6,7,6,7,4,6,4,5,5,4,7,3,2,4,4,1,5,1,6,1,4,3,1,70,4,4,4,5,5,5,5,4,6,4,1,4,4,4,1,3,3,4,4,6,5,6,1,6,5,3,-0.29861432889473144,-0.07236894673543,-0.19798515163766553,-0.05569193285956735
4,4,2,1,2,6,5,1,3,7,5,6,7,2,2,3,5,1,2,3,6,3,6,5,6,NA,4,2,7,2,2,2,6,4,3,2,1,3,3,6,5,1,1,1,5,5,3,3,1,3,5,1,-0.3679512020259497,-0.09245241807364743,-0.22881913887040964,-0.11965499574305313
5,4,5,5,4,4,6,5,1,7,5,6,6,5,2,6,6,4,6,5,7,3,3,2,4,75,4,3,5,3,5,6,7,3,5,5,5,6,5,3,4,1,2,4,6,3,3,4,3,4,6,5,0.03764790081136611,0.00256257530168309,0.08006230799871654,-0.02468814177612696
4,4,5,6,6,7,7,2,3,6,6,5,4,6,7,6,6,3,4,4,7,5,6,7,6,90,6,4,7,6,3,3,7,6,4,5,6,6,3,3,2,1,2,4,3,6,4,6,2,2,6,5,0.15105400765379398,0.0861625817253658,0.09008770458850436,0.06276711539387561
2,2,2,2,5,4,3,6,2,6,5,6,6,6,5,6,6,3,2,7,7,7,7,6,5,70,2,5,6,4,7,3,1,7,5,2,1,2,5,6,3,2,2,1,5,5,3,5,1,5,4,1,-0.13583522885867189,-0.06713217550393448,-0.2962681514713238,-0.06690088191166679
5,4,5,5,4,5,6,3,4,5,5,5,4,4,4,5,4,3,3,3,5,4,6,4,4,45,4,4,4,4,3,6,5,3,5,4,2,4,1,3,4,2,3,4,5,5,4,5,4,3,4,5,-0.14336175532062584,-0.031545279038937564,-0.13233108218540404,-0.017145832415853927
2,4,5,3,4,6,4,7,4,4,5,6,4,5,5,5,6,5,4,6,7,5,6,4,3,50,3,1,4,2,4,1,3,4,4,3,3,4,3,3,6,3,4,5,3,2,4,4,2,3,4,5,-0.035860614438308486,-0.0066751123098901955,-0.08574774039926891,-0.009547884950733925
6,6,7,7,7,6,4,5,2,6,5,7,7,6,4,7,7,3,6,5,7,6,7,6,6,70,5,5,5,3,3,4,5,3,6,4,3,5,3,2,4,5,1,5,4,5,6,6,2,3,1,1,0.13372659841822596,0.040118964742585826,0.12067668556675311,0.045301984742027665
5,6,7,5,7,6,4,5,1,7,5,6,6,5,3,6,4,6,1,4,5,2,5,3,4,65,5,1,5,5,2,2,7,4,3,6,2,5,2,6,3,3,5,5,5,3,3,5,3,4,6,5,-0.0013382381642263754,7.996266065695006e-5,0.10471382487826209,7.966164996825318e-4
4,5,4,4,4,4,5,4,7,4,2,2,2,2,3,1,2,4,2,3,4,3,4,4,4,15,2,7,5,7,7,7,3,7,4,3,2,4,5,6,1,6,6,2,5,2,4,3,4,6,5,2,-0.44573940007280133,-0.172298380660037,-0.2998315233617769,-0.11855583219690777
5,6,7,4,5,4,6,2,2,7,6,5,5,5,5,6,7,3,6,2,4,5,6,7,5,75,5,4,5,4,4,3,6,2,5,3,4,3,6,5,5,3,1,5,4,6,5,5,2,4,5,5,0.002369295096479229,0.039859396619096966,-0.03022201234659259,0.03718271423379836
5,5,6,5,6,5,6,7,2,6,4,4,4,3,5,6,5,4,3,5,5,4,4,5,3,50,4,4,5,5,3,4,5,3,6,2,1,3,3,4,4,4,4,3,3,4,4,6,3,2,5,3,-0.2187865901497552,-0.044709545458889326,-0.2593227600126321,-0.04386014759438197
4,5,5,4,4,2,7,5,2,7,7,7,7,4,4,7,4,2,5,4,7,4,4,6,4,75,4,6,2,2,4,3,2,6,6,3,1,5,4,5,3,1,4,4,1,4,2,6,2,6,6,1,-0.1496369920281862,-0.07196750999206676,-0.07419748382734478,-0.05706145746426905
6,3,7,7,7,7,6,7,4,7,1,7,2,7,6,7,4,2,2,1,7,5,7,5,2,30,4,3,2,6,7,4,1,7,5,3,2,5,4,6,5,6,1,2,3,4,5,2,1,5,5,6,-0.13802076031362337,0.025934001592525402,-0.21681118501050448,-0.040231939593628765
3,7,6,4,4,4,1,7,1,7,7,7,4,7,5,7,7,4,7,3,7,3,7,3,4,85,5,1,5,5,3,3,7,1,6,5,5,3,6,5,4,1,1,5,6,5,5,6,1,3,6,6,0.09818683836157241,0.04776503204327133,0.10933724961119766,0.024246158895523298
7,6,7,6,6,6,5,6,2,7,6,7,6,4,2,6,2,1,6,4,6,3,4,5,6,85,4,1,6,5,5,5,5,5,4,2,4,4,6,4,3,4,4,4,6,4,3,6,3,6,5,4,-0.04176638291169679,0.024193884628321366,0.06182920017769115,-0.031968670352077865
5,6,5,5,6,5,5,1,1,7,5,7,3,3,5,7,7,5,3,7,5,5,7,7,3,40,4,3,7,3,7,2,1,5,6,4,4,4,6,1,4,1,1,4,6,6,6,6,1,4,3,3,0.019915358097920683,0.04036671539744444,-0.02260097294226591,0.00962043642177642
7,5,7,7,7,7,3,3,3,5,7,7,7,7,7,7,7,7,7,7,7,7,7,7,3,90,6,3,3,1,5,5,7,3,6,6,6,6,6,3,6,4,3,4,4,6,4,6,6,3,3,2,0.32675387337493544,0.1225321103173401,0.14491208553191537,0.07537676321073568
6,6,6,5,6,6,4,6,3,5,6,7,5,3,5,6,7,2,5,6,7,4,5,3,5,80,4,3,5,6,5,3,6,5,4,3,3,4,5,4,3,5,2,5,4,5,5,6,2,4,4,5,-0.0569215251598484,-0.006288899398536406,0.07614168427576308,-0.035827241949911506
4,4,4,4,4,4,5,5,4,6,4,3,3,3,5,4,5,4,4,5,6,4,4,4,4,50,4,4,5,4,5,4,4,5,1,4,4,6,1,4,4,5,5,3,3,3,4,4,6,4,4,3,-0.2028495758198547,-0.10603457156069163,-0.11691470916461448,-0.07476951009327092
4,7,7,5,1,6,7,1,7,7,4,7,7,7,4,4,7,4,6,4,7,7,7,7,4,50,7,4,7,6,7,7,6,1,6,6,6,5,6,5,6,1,1,6,6,6,6,6,5,6,6,6,0.15065313454685572,0.11301318084211702,0.11313655635215136,0.11168801919662721
7,7,7,7,7,7,4,5,5,5,7,7,7,6,7,1,7,7,7,7,4,3,4,1,1,60,1,5,3,5,7,7,7,7,6,4,6,6,4,4,6,4,4,6,5,4,5,5,1,2,3,4,0.12743643385554676,0.029063726141031244,0.19091848554757557,-0.0273020455800235
4,7,7,7,7,7,5,2,1,7,7,7,5,7,4,7,7,6,7,7,7,2,5,4,6,70,6,1,7,3,5,4,4,4,6,5,4,5,6,6,4,1,1,5,3,6,5,6,1,4,6,5,0.13660266286951217,0.07539370258643131,0.1755343240816337,0.06053363293434404
6,5,6,5,6,6,6,6,5,7,5,4,5,5,4,5,4,5,4,5,4,4,3,5,5,60,4,3,3,4,4,2,3,5,3,4,3,2,4,4,3,3,4,4,3,4,3,5,3,3,3,4,-0.07438582832866941,-0.020175730619189886,-0.10161207394642244,2.8946669710232616e-4
4,6,6,6,6,6,4,7,7,7,4,7,7,1,4,6,6,4,4,4,4,4,4,4,6,77,4,7,7,7,7,7,4,4,5,1,2,1,4,6,6,1,1,6,6,6,1,6,1,4,6,6,-0.1805938930326269,-0.003597228215726027,-0.060571357720453536,-0.01854422666239252
7,7,7,7,5,7,7,7,1,7,7,7,7,7,7,7,7,7,7,7,7,5,7,4,4,100,6,1,5,5,1,7,7,1,6,6,6,1,4,1,6,1,1,6,3,6,6,6,4,1,3,6,0.35997047951103084,0.1466405027530136,0.19106240166592742,0.11088355028300101
6,4,6,5,6,4,4,4,4,4,1,2,1,1,5,6,4,2,2,2,2,5,4,4,3,40,3,6,5,7,7,5,2,6,4,2,2,4,6,5,2,5,3,1,5,3,2,3,5,5,5,1,-0.4245253832923043,-0.16658970407599985,-0.3610373043193149,-0.142799052705953
6,3,5,4,7,6,7,7,5,5,7,5,4,7,6,5,4,3,4,1,4,7,7,3,5,80,6,5,6,5,7,5,3,3,4,4,3,4,4,1,3,2,2,6,4,6,5,5,1,3,4,4,0.12543232879572813,0.005060130976971904,0.02503906976925558,0.03772053308926713
4,4,4,4,4,4,4,5,4,4,5,5,5,5,4,5,5,4,4,4,4,4,4,4,4,50,4,3,1,4,2,1,4,4,3,5,5,5,6,4,4,3,3,4,6,4,3,4,3,4,4,4,-0.06736149245109006,-0.046101866691749496,0.005206162851738,-0.044884307784257706
7,6,6,7,7,7,7,4,1,6,4,7,4,6,6,7,7,7,7,7,7,7,7,7,4,70,4,2,7,7,7,7,7,1,6,5,5,6,6,1,5,1,1,5,6,6,5,6,1,1,2,5,0.3369840813722718,0.1617662399617077,0.15927220601756625,0.11989978246102506
1,4,1,1,1,1,5,7,3,7,1,1,1,1,1,1,1,1,1,1,1,1,1,1,1,8,1,7,7,7,7,7,4,4,6,1,1,2,6,6,1,6,5,1,6,4,1,1,6,4,6,1,-0.7128470543307307,-0.2665947035509511,-0.553990275475652,-0.22673847600851665
4,7,1,2,6,1,3,1,7,4,6,6,1,6,6,7,4,1,1,6,7,5,5,5,4,75,3,5,5,7,4,4,3,7,6,1,1,6,5,2,5,3,1,1,6,5,6,5,1,4,6,1,-0.09802879633599147,-0.0972785431415658,-0.13760706214494195,-0.08712513157273202
7,7,7,3,7,7,7,6,1,7,7,7,2,1,1,7,3,1,1,6,7,4,6,4,7,50,4,1,6,7,7,2,7,2,5,1,1,6,6,6,4,5,3,6,6,6,5,6,1,2,6,5,-0.16666268510094942,0.01765282807211941,0.09902500825515,-0.013606189991152918
7,7,7,4,7,6,7,1,1,7,6,7,6,4,5,6,6,1,6,6,7,7,7,6,6,75,4,7,7,7,1,6,7,1,6,2,1,6,4,4,5,1,4,5,4,5,3,6,1,2,6,1,0.028942373327786465,0.0277750620866739,0.062145680907336166,0.03192496131331891
5,5,6,6,5,3,5,5,3,6,5,5,3,3,5,5,3,5,3,2,6,5,5,5,3,65,4,5,6,5,5,3,3,5,4,4,2,4,5,4,4,2,3,3,5,4,4,4,3,2,4,3,-0.1308758366070062,-0.06829217031955277,-0.14554049753651727,-0.048651483730664045
6,7,4,4,7,7,4,4,4,4,2,1,1,2,1,3,1,4,1,5,5,3,5,2,3,30,2,4,4,4,4,4,4,4,1,1,2,1,3,4,1,6,4,1,4,3,1,6,4,2,4,2,-0.3889091777312684,-0.1538017527836714,-0.35980599060563656,-0.13490941147835145
7,7,7,7,7,4,5,5,3,5,3,5,7,7,3,6,7,7,6,7,3,3,3,3,3,90,3,1,1,1,1,1,7,4,6,5,3,6,2,6,6,6,1,4,5,1,5,6,6,6,6,3,0.09964154692770776,-0.007464645589391453,0.08973601542104026,-0.002382131574518388
4,4,4,4,4,4,1,7,4,7,7,7,4,7,1,3,7,7,7,7,7,4,4,6,6,100,6,7,4,4,4,4,4,4,3,1,4,1,1,1,6,1,1,5,1,4,6,5,3,2,6,4,0.1563139677071285,0.025704668841001765,-0.06312855434702354,0.034222435996099934
6,6,6,2,7,6,7,7,1,7,7,7,7,1,1,7,7,2,7,7,7,7,7,7,7,80,5,4,7,4,4,4,7,2,6,2,5,6,5,5,5,1,2,5,6,2,1,6,1,6,6,6,0.024954996405377326,0.10676114094240352,0.1285891851498488,0.039677156452575565
5,4,5,5,5,5,7,5,5,7,4,5,4,4,3,4,4,4,3,3,5,3,3,4,4,38,4,5,5,5,5,5,5,5,6,3,4,4,6,4,4,4,4,4,5,4,4,4,4,4,4,3,-0.14947297114650465,-0.028934448451925714,-0.07816226260745297,-0.05486000359835502
4,4,4,4,4,4,6,2,7,7,4,7,6,6,4,5,6,6,6,5,6,6,6,4,6,50,4,3,1,2,2,2,2,1,3,1,2,2,6,4,6,1,1,4,4,6,6,6,1,1,3,2,0.003240924303724131,-0.031966451550469135,-0.07697057971133384,-0.033164254114392534
4,4,4,4,4,4,2,7,5,7,2,1,6,1,1,2,2,1,1,1,1,1,1,1,1,1,4,4,7,7,7,4,4,4,6,3,1,2,6,6,1,6,6,1,5,1,1,1,6,6,6,1,-0.6823728460110517,-0.2242080394648242,-0.4965191031244075,-0.1998839262428919
4,4,4,4,4,4,4,7,4,7,7,7,4,4,1,7,4,1,4,1,4,1,1,1,1,40,4,4,5,6,6,4,1,7,4,4,3,3,4,4,2,6,6,1,6,1,1,1,4,5,5,2,-0.33132671257274643,-0.1284580822091222,-0.18957407792770706,-0.19017145566897325
7,7,4,4,5,6,7,4,2,6,6,6,6,6,6,6,6,6,5,6,6,5,6,5,6,75,4,5,6,2,5,2,6,5,5,5,3,5,3,2,4,2,3,5,2,5,2,4,2,1,3,2,0.17199508864497487,0.022404007612535273,0.1390602635644557,0.0625000255266249
4,4,4,4,4,4,7,7,5,6,1,6,4,6,2,1,5,4,7,7,7,6,5,5,7,99,5,5,7,2,5,3,3,3,2,6,6,3,2,1,1,3,3,1,1,6,4,1,3,1,6,2,0.1416958238142561,-0.0017845361085218128,0.05204619565243744,-0.015409597086009114
6,6,6,6,6,6,6,2,2,6,6,6,6,6,6,6,6,6,6,6,6,6,6,6,6,80,4,6,6,2,6,6,2,2,5,5,5,5,2,2,5,5,5,5,5,5,5,5,5,5,5,5,0.22103445580576003,0.08358424828444729,0.09338460168324593,0.11002150022843389
6,5,6,5,5,5,7,5,1,6,7,6,6,3,2,5,5,5,4,5,6,3,5,3,6,60,4,2,5,3,2,2,7,1,4,3,2,4,4,2,3,3,3,2,4,4,4,5,2,3,3,3,-0.059405603400658834,-0.023501637931136292,-0.03809958626723672,-0.049633243583851336
3,2,7,4,7,3,4,3,4,6,5,4,4,4,1,5,4,2,1,3,3,1,2,3,3,50,4,7,4,5,7,3,4,4,3,2,6,3,5,3,6,5,5,1,4,3,4,2,2,3,6,3,-0.25205156200721424,-0.08753309227809665,-0.20615443898375135,-0.1647298166261285
4,4,4,4,4,4,4,1,1,7,7,7,7,7,7,7,6,7,7,6,7,7,7,7,7,75,5,4,4,4,4,4,4,4,6,4,5,5,6,2,4,2,1,4,6,5,6,5,4,4,4,3,0.2784473136408162,0.07664573657368305,0.08407618996475605,0.08524409908038572
4,4,4,4,4,4,7,1,4,7,7,7,7,7,7,7,7,7,6,7,7,7,4,4,7,80,6,1,6,1,4,4,4,4,5,1,6,5,1,1,6,4,1,5,1,6,6,6,1,1,6,6,0.31764022123203844,0.08735534580142965,0.12711574026654424,0.059924901367746766
4,4,4,4,4,4,4,5,1,7,3,4,1,4,1,4,4,1,1,1,4,4,4,4,4,50,4,1,4,4,1,4,7,1,4,3,2,4,5,4,4,4,3,3,6,3,4,3,3,6,4,1,-0.21959064297582503,-0.08382780888924764,-0.15813321349771609,-0.07980449805658714
3,5,6,3,3,3,1,7,1,1,5,6,7,1,1,7,7,1,5,5,6,3,6,6,3,50,4,1,7,3,1,1,1,2,6,2,1,5,6,3,5,1,2,5,6,5,4,5,2,5,5,1,-0.32535629011436984,-0.11363694561950384,-0.16282051567494385,-0.0853375963574152
7,6,7,5,7,7,4,2,6,7,7,7,6,7,6,5,7,1,3,5,6,7,7,4,7,60,4,2,7,7,1,1,1,4,6,2,1,2,2,4,4,2,1,6,6,6,4,6,3,2,4,1,0.027802038510674615,-0.0028089078990780753,0.03522015244642836,0.024794544461207844
7,7,7,5,6,7,4,4,4,4,6,5,5,1,7,5,2,4,4,3,4,7,3,7,5,80,4,5,1,5,5,5,4,1,4,1,3,3,2,1,6,2,5,4,6,6,5,6,1,5,1,1,-0.04255203925531623,0.0019272942404793755,-0.11186462503267255,0.009488500448217089
6,7,7,6,6,7,4,7,4,4,4,7,6,6,6,7,7,4,6,6,6,6,6,7,7,80,4,4,5,5,5,2,7,4,2,4,4,6,1,5,5,1,1,5,4,6,6,6,1,2,6,4,0.14310222575809026,0.058487321019796666,0.19291632358962527,0.056057206854985775
5,5,5,3,3,5,6,5,5,6,4,3,2,2,2,3,2,3,3,3,5,3,4,2,2,50,4,5,5,6,6,6,2,2,5,4,1,3,5,4,2,3,2,3,5,4,2,3,3,5,4,2,-0.3687584805057112,-0.1394541775032472,-0.3155473065730164,-0.08268872764962258
7,7,7,7,7,7,6,4,7,7,6,4,6,7,5,4,6,3,6,7,5,7,7,6,6,30,4,1,1,5,4,1,6,7,2,1,2,6,6,1,6,4,5,4,6,6,1,6,5,6,3,4,0.04072750415289606,0.010914054855238461,-0.03298747154993794,0.03580164258807779
1,1,1,7,7,7,3,4,1,3,1,3,2,2,1,3,3,3,2,2,4,1,1,1,4,10,1,7,4,7,7,7,4,3,3,3,1,3,1,6,4,3,6,1,6,3,3,3,3,2,2,1,-0.49244565080465363,-0.1738528291792443,-0.3497992160422561,-0.17721266563514151
5,4,7,4,4,4,4,4,4,4,1,6,1,7,4,5,5,1,3,4,4,1,1,4,6,1,1,4,5,6,7,6,1,7,2,4,1,1,6,5,2,6,5,3,6,4,2,6,5,5,5,2,-0.3132649241006751,-0.14215080982805375,-0.1275578028052831,-0.12023533703750575
5,5,5,5,5,5,5,3,5,5,5,5,5,5,3,5,5,5,5,5,5,4,4,4,4,89,5,3,3,3,3,3,5,3,3,3,4,4,3,3,4,3,3,4,4,3,4,4,3,3,4,4,0.02500893210875916,-0.011450981830672304,-0.037140544922429936,-0.013827880871725266
4,5,5,5,5,5,7,5,1,6,5,6,6,6,3,5,5,4,6,5,7,6,6,7,5,80,5,2,5,3,3,2,5,3,4,4,3,4,4,3,4,3,1,2,4,5,5,5,2,3,4,1,0.08340265420998223,0.019124871296319648,-0.03969600472966296,0.0018600847773779458
6,6,5,5,5,6,3,4,2,6,5,7,6,6,5,7,6,4,5,6,7,5,5,5,5,70,5,2,5,4,4,4,6,4,4,5,4,5,2,2,5,3,3,4,3,5,5,5,2,2,5,4,0.13686765619426927,0.046409376808158286,0.10354337756737861,0.03480483120944715
4,5,7,7,7,7,4,4,4,4,2,5,1,5,3,5,6,1,5,5,5,2,5,1,4,59,4,5,5,7,7,4,1,7,6,5,4,6,6,6,4,2,1,4,6,4,5,5,4,6,6,4,-0.1878175508333088,-0.06475320019677287,-0.003157713661858334,-0.05983863518524139
6,6,6,6,6,6,4,5,2,4,5,6,6,6,6,5,6,6,6,6,6,6,7,6,4,60,5,5,4,4,4,4,4,4,4,4,5,5,4,4,5,3,2,5,4,6,6,5,4,4,5,6,0.12654027166681875,0.06176470982358441,0.044190152249952104,0.05711952049435909
4,3,3,2,4,4,4,5,4,4,4,5,5,5,4,5,3,4,4,3,3,4,4,5,4,50,4,4,5,5,4,4,4,4,3,2,NA,3,2,2,3,4,3,4,3,4,4,4,4,2,3,3,-0.14022409402378946,-0.07629965654850374,-0.20616851523987614,-0.04768748298925609
7,7,7,7,7,7,4,4,4,4,2,6,1,7,5,2,2,3,7,6,7,7,6,7,4,40,3,7,6,7,7,4,1,7,4,5,1,1,1,2,5,1,2,4,1,6,6,6,1,6,6,1,0.00795028085916529,-0.02010398529799423,-0.09011185585859013,0.026509742432916955
6,6,6,6,6,6,7,1,2,6,6,7,7,7,7,7,6,6,6,7,7,5,6,6,6,85,6,1,2,1,1,1,6,1,5,4,4,5,1,1,5,2,1,5,2,5,5,5,1,2,4,5,0.30502021863084583,0.1196285579667816,0.15544562184990873,0.10442602697789238
7,7,5,4,2,1,7,1,1,7,3,4,6,NA,5,7,4,6,3,1,6,5,5,5,4,50,4,7,5,7,7,6,7,5,4,3,1,5,2,4,2,6,3,4,4,5,3,6,3,5,4,1,-0.10510038201727223,-0.11622442562208299,-0.09866782524412614,-0.03395485780183706
6,5,4,5,5,6,6,5,1,4,7,7,6,7,7,4,6,4,4,4,5,4,6,5,4,75,6,7,5,6,7,7,2,4,4,5,6,5,1,4,4,1,1,5,1,5,4,4,2,1,4,5,0.11660364127420302,0.04561422557651219,0.09413374797592271,0.02906442657675625
5,5,5,4,4,5,6,5,3,5,4,5,4,4,5,5,4,4,4,3,4,4,5,4,5,85,4,4,4,5,5,4,3,5,3,4,4,5,4,4,5,4,4,5,4,4,4,3,4,4,4,2,-0.039850577404771555,-0.0582707851602452,0.03715126867392761,-0.02586738630963118
7,4,7,7,7,7,NA,NA,NA,NA,7,7,6,5,7,7,6,7,5,7,NA,6,7,7,6,90,7,6,6,5,5,5,5,5,1,6,6,6,6,5,6,6,6,6,6,6,4,6,4,4,4,4,0.23767339326591402,0.07449053244240948,0.2587787116908298,0.05791517111770335
5,5,4,6,6,6,4,4,4,5,5,4,4,6,4,4,5,6,5,5,5,5,5,5,4,70,5,4,4,5,5,4,4,4,4,5,5,5,5,3,3,5,3,4,5,5,4,5,4,3,3,3,0.07682244108283273,0.006020688896775236,-0.009814075763881446,0.028402357167250165
4,4,4,4,4,4,6,7,1,6,5,5,6,5,3,5,4,6,4,5,6,6,4,6,4,60,4,2,2,5,7,2,6,6,3,6,4,4,3,5,4,3,3,5,4,6,4,6,2,5,4,2,0.03989365287822793,-0.024102448641401333,0.06080268027004326,-0.00848000645180281
4,5,5,6,5,5,6,2,1,6,4,6,6,6,5,6,6,6,6,5,5,6,6,4,6,80,6,2,3,2,NA,2,2,3,5,4,5,5,2,1,5,2,2,5,3,4,5,5,2,2,5,4,0.22867870165298462,0.04476269056649439,0.11220782152127025,0.06327617912505004
6,7,6,6,7,6,7,3,1,7,5,7,4,6,6,7,6,6,6,7,7,4,5,6,6,40,4,4,2,5,4,5,3,6,2,4,4,3,4,3,6,2,2,5,3,5,4,5,1,2,3,4,0.12060528683069141,0.04031115442332013,0.14738998388929386,0.02555454584734578
6,5,5,4,6,5,NA,NA,NA,NA,3,5,3,5,3,4,4,4,3,3,4,4,4,4,3,60,3,NA,4,4,4,NA,4,4,3,3,3,3,3,3,3,3,4,4,4,4,4,4,4,4,4,4,-0.0736969698121501,-0.050201308957464996,-0.08499731063297741,-0.05493317749311244
6,7,6,4,5,7,6,4,4,6,5,7,7,7,7,7,7,3,5,4,6,7,7,6,5,70,6,2,7,3,2,2,7,2,6,4,4,3,3,2,5,1,1,5,3,4,3,6,5,4,6,3,0.19957572083569278,0.09353181997190721,0.1056379062854788,0.07063372719468146
6,6,3,4,4,4,5,3,1,5,6,7,5,7,7,7,2,5,5,6,5,7,7,5,5,90,6,1,5,1,2,1,6,2,1,5,5,6,6,3,NA,2,1,5,1,5,5,5,5,5,4,5,0.27600055927104855,0.04738455608868579,0.21211154325919995,0.04820051450692497
4,4,3,4,5,4,3,4,3,5,6,6,6,4,5,5,6,6,3,4,7,4,6,3,5,70,4,4,4,4,4,4,6,3,5,4,4,4,4,4,3,2,1,4,5,3,4,5,2,3,5,5,0.003740271409581097,-0.008448951917884282,0.010519530279374094,-0.020714691864837077
1,2,4,1,4,4,4,7,2,4,4,2,6,6,2,2,4,7,4,2,4,2,4,2,4,50,NA,1,1,1,4,4,7,6,2,5,2,6,1,4,6,6,6,5,3,1,3,2,5,6,6,2,-0.114428491842046,-0.13781104284542423,-0.06677078772551422,-0.055996990902801025
6,6,6,6,7,7,6,6,1,7,4,5,3,6,5,6,3,1,3,2,5,2,6,4,5,40,4,4,7,7,6,6,7,6,4,5,2,6,4,4,3,2,1,2,5,4,2,6,1,5,4,1,-0.1406437780782169,-0.045980406521665386,-0.006918258298778011,-0.05450105208229337
4,5,4,5,6,6,3,4,4,6,6,7,6,7,6,6,7,7,7,6,7,6,7,5,6,50,4,3,2,5,6,4,5,3,6,5,5,4,4,3,4,5,3,5,4,4,4,6,4,5,5,5,0.21896950513651822,0.09037370826729192,0.13351906708385416,0.07683320039766073
5,5,5,6,5,6,5,5,3,5,5,5,5,5,4,5,5,5,5,3,5,3,3,3,5,68,4,4,5,4,5,3,5,3,3,3,3,4,3,3,4,4,3,3,4,3,4,4,3,5,4,3,-0.05091110726979749,-0.04090358038924677,-0.07131536408652746,-0.03482805357502342
NA,NA,NA,NA,NA,NA,NA,NA,NA,NA,4,6,7,7,7,4,7,7,7,7,5,7,7,4,7,100,7,NA,5,6,1,NA,NA,NA,4,5,5,4,2,3,6,1,1,3,3,6,5,6,1,6,6,2,0.2860398754953976,0.03497115444885664,0.10192577965927652,0.016259454494426926
